-- MySQL dump 10.13  Distrib 8.0.19, for Win64 (x86_64)
--
-- Host: localhost    Database: myfreelancer
-- ------------------------------------------------------
-- Server version	8.0.19

/*!40101 SET @OLD_CHARACTER_SET_CLIENT=@@CHARACTER_SET_CLIENT */;
/*!40101 SET @OLD_CHARACTER_SET_RESULTS=@@CHARACTER_SET_RESULTS */;
/*!40101 SET @OLD_COLLATION_CONNECTION=@@COLLATION_CONNECTION */;
/*!50503 SET NAMES utf8mb4 */;
/*!40103 SET @OLD_TIME_ZONE=@@TIME_ZONE */;
/*!40103 SET TIME_ZONE='+00:00' */;
/*!40014 SET @OLD_UNIQUE_CHECKS=@@UNIQUE_CHECKS, UNIQUE_CHECKS=0 */;
/*!40014 SET @OLD_FOREIGN_KEY_CHECKS=@@FOREIGN_KEY_CHECKS, FOREIGN_KEY_CHECKS=0 */;
/*!40101 SET @OLD_SQL_MODE=@@SQL_MODE, SQL_MODE='NO_AUTO_VALUE_ON_ZERO' */;
/*!40111 SET @OLD_SQL_NOTES=@@SQL_NOTES, SQL_NOTES=0 */;

--
-- Table structure for table `app_comment`
--

DROP TABLE IF EXISTS `app_comment`;
/*!40101 SET @saved_cs_client     = @@character_set_client */;
/*!50503 SET character_set_client = utf8mb4 */;
CREATE TABLE `app_comment` (
  `User_ID` int NOT NULL,
  `Rec_ID` int NOT NULL,
  `App_Comm` varchar(200) DEFAULT NULL,
  `App_Grade` int DEFAULT NULL,
  PRIMARY KEY (`User_ID`,`Rec_ID`),
  KEY `FK_App_Comment2` (`Rec_ID`),
  CONSTRAINT `FK_App_Comment` FOREIGN KEY (`User_ID`) REFERENCES `user` (`User_ID`) ON DELETE RESTRICT ON UPDATE RESTRICT,
  CONSTRAINT `FK_App_Comment2` FOREIGN KEY (`Rec_ID`) REFERENCES `recruit_info` (`Rec_ID`) ON DELETE RESTRICT ON UPDATE RESTRICT
) ENGINE=InnoDB DEFAULT CHARSET=utf8mb4 COLLATE=utf8mb4_0900_ai_ci;
/*!40101 SET character_set_client = @saved_cs_client */;

--
-- Dumping data for table `app_comment`
--

LOCK TABLES `app_comment` WRITE;
/*!40000 ALTER TABLE `app_comment` DISABLE KEYS */;
INSERT INTO `app_comment` VALUES (4,53,NULL,2),(4,88,NULL,4),(4,240,NULL,3),(7,66,NULL,1),(7,78,NULL,3),(7,189,NULL,2),(9,155,NULL,4),(9,196,NULL,1),(9,235,NULL,4),(16,136,NULL,3),(16,141,NULL,4),(16,161,NULL,3),(17,45,NULL,3),(17,150,NULL,2),(17,175,NULL,3),(18,100,NULL,0),(18,225,NULL,5),(18,251,NULL,0),(24,58,NULL,5),(24,92,NULL,0),(24,162,NULL,0),(28,91,NULL,3),(28,224,NULL,0),(28,242,NULL,4),(34,51,NULL,0),(34,56,NULL,5),(34,277,NULL,2),(35,14,NULL,0),(35,206,NULL,2),(35,271,NULL,4),(39,65,NULL,5),(39,121,NULL,0),(39,212,NULL,0),(41,34,NULL,0),(41,70,NULL,4),(41,238,NULL,2),(44,75,NULL,0),(44,188,NULL,2),(44,293,NULL,4),(45,113,NULL,1),(45,186,NULL,3),(45,274,NULL,3),(46,43,NULL,1),(46,106,NULL,0),(46,107,NULL,1),(47,52,NULL,4),(47,97,NULL,3),(47,118,NULL,5),(50,28,NULL,5),(50,90,NULL,3),(50,300,NULL,4),(53,8,NULL,0),(53,128,NULL,5),(53,232,NULL,1),(59,69,NULL,3),(59,123,NULL,2),(59,183,NULL,2),(62,129,NULL,1),(62,201,NULL,4),(62,209,NULL,1),(69,55,NULL,3),(69,115,NULL,0),(69,214,NULL,5),(71,119,NULL,0),(71,133,NULL,1),(71,258,NULL,3),(75,44,NULL,3),(75,98,NULL,4),(76,77,NULL,4),(76,89,NULL,2),(76,246,NULL,4),(78,79,NULL,3),(78,94,NULL,3),(78,173,NULL,5),(82,99,NULL,2),(82,132,NULL,1),(82,250,NULL,5),(83,4,NULL,1),(83,95,NULL,3),(83,166,NULL,3),(83,267,NULL,3),(85,211,NULL,1),(85,275,NULL,0),(85,290,NULL,1),(88,72,NULL,1),(88,126,NULL,0),(88,180,NULL,0),(91,48,NULL,0),(91,63,NULL,0),(91,197,NULL,1),(94,22,NULL,3),(94,102,NULL,1),(94,288,NULL,1),(98,11,NULL,3),(98,46,NULL,2),(98,125,NULL,0),(99,76,NULL,0),(99,96,NULL,3),(99,223,NULL,3),(99,257,NULL,4);
/*!40000 ALTER TABLE `app_comment` ENABLE KEYS */;
UNLOCK TABLES;

--
-- Table structure for table `app_gr`
--

DROP TABLE IF EXISTS `app_gr`;
/*!40101 SET @saved_cs_client     = @@character_set_client */;
/*!50503 SET character_set_client = utf8mb4 */;
CREATE TABLE `app_gr` (
  `User_ID` int NOT NULL,
  `App_Avg_Grade` float DEFAULT NULL,
  `App_Grade_Num` int DEFAULT NULL,
  PRIMARY KEY (`User_ID`),
  CONSTRAINT `FK_Relationship_4` FOREIGN KEY (`User_ID`) REFERENCES `user` (`User_ID`) ON DELETE RESTRICT ON UPDATE RESTRICT
) ENGINE=InnoDB DEFAULT CHARSET=utf8mb4 COLLATE=utf8mb4_0900_ai_ci;
/*!40101 SET character_set_client = @saved_cs_client */;

--
-- Dumping data for table `app_gr`
--

LOCK TABLES `app_gr` WRITE;
/*!40000 ALTER TABLE `app_gr` DISABLE KEYS */;
INSERT INTO `app_gr` VALUES (4,3,3),(7,2,3),(9,3,3),(16,3.3333,3),(17,2.6667,3),(18,1.6667,3),(24,1.6667,3),(28,2.3333,3),(34,2.3333,3),(35,2,3),(39,1.6667,3),(41,2,3),(44,2,3),(45,2.3333,3),(46,0.6667,3),(47,4,3),(50,4,3),(53,2,3),(59,2.3333,3),(62,2,3),(69,2.6667,3),(71,1.3333,3),(75,3.5,2),(76,3.3333,3),(78,3.6667,3),(82,2.6667,3),(83,2.5,4),(85,0.6667,3),(88,0.3333,3),(91,0.3333,3),(94,1.6667,3),(98,1.6667,3),(99,2.5,4);
/*!40000 ALTER TABLE `app_gr` ENABLE KEYS */;
UNLOCK TABLES;

--
-- Table structure for table `apply_info`
--

DROP TABLE IF EXISTS `apply_info`;
/*!40101 SET @saved_cs_client     = @@character_set_client */;
/*!50503 SET character_set_client = utf8mb4 */;
CREATE TABLE `apply_info` (
  `User_ID` int NOT NULL,
  `Rec_ID` int NOT NULL,
  `Accepted` int DEFAULT NULL,
  PRIMARY KEY (`User_ID`,`Rec_ID`),
  KEY `FK_Apply_Info2` (`Rec_ID`),
  CONSTRAINT `FK_Apply_Info` FOREIGN KEY (`User_ID`) REFERENCES `user` (`User_ID`) ON DELETE RESTRICT ON UPDATE RESTRICT,
  CONSTRAINT `FK_Apply_Info2` FOREIGN KEY (`Rec_ID`) REFERENCES `recruit_info` (`Rec_ID`) ON DELETE RESTRICT ON UPDATE RESTRICT
) ENGINE=InnoDB DEFAULT CHARSET=utf8mb4 COLLATE=utf8mb4_0900_ai_ci;
/*!40101 SET character_set_client = @saved_cs_client */;

--
-- Dumping data for table `apply_info`
--

LOCK TABLES `apply_info` WRITE;
/*!40000 ALTER TABLE `apply_info` DISABLE KEYS */;
INSERT INTO `apply_info` VALUES (1,172,2),(1,228,2),(1,237,2),(2,144,2),(2,231,2),(2,268,2),(3,170,2),(3,177,2),(3,218,2),(4,53,1),(4,88,1),(4,240,1),(5,84,0),(5,187,0),(5,273,0),(6,105,2),(6,207,2),(6,294,2),(7,66,1),(7,78,1),(7,189,1),(8,19,0),(8,138,0),(8,295,0),(9,155,1),(9,196,1),(9,235,1),(10,81,2),(10,108,2),(10,191,2),(11,40,0),(11,190,0),(11,245,0),(12,42,0),(12,195,0),(12,249,0),(13,114,0),(13,221,0),(13,287,0),(14,117,2),(14,160,2),(14,222,2),(15,252,2),(15,262,2),(15,263,2),(16,136,1),(16,141,1),(16,161,1),(17,45,1),(17,150,1),(17,175,1),(18,100,1),(18,225,1),(18,251,1),(19,7,2),(19,62,2),(19,260,2),(20,36,2),(20,185,2),(20,220,2),(21,3,0),(21,21,0),(21,256,0),(22,241,2),(22,259,2),(22,269,2),(23,23,2),(23,168,2),(23,244,2),(24,58,1),(24,92,1),(24,162,1),(25,37,2),(25,135,2),(25,184,2),(26,5,2),(26,147,2),(26,280,2),(27,134,2),(27,159,2),(27,291,2),(28,91,1),(28,224,1),(28,242,1),(29,61,0),(29,149,0),(29,283,0),(30,57,0),(30,233,0),(30,286,0),(31,68,2),(31,80,2),(31,296,2),(32,6,0),(32,104,0),(32,202,0),(33,174,2),(33,178,2),(33,230,2),(34,51,1),(34,56,1),(34,277,1),(35,14,1),(35,206,1),(35,271,1),(36,50,2),(36,200,2),(36,217,2),(37,82,2),(37,103,2),(37,266,2),(38,165,0),(38,239,0),(38,297,0),(39,65,1),(39,121,1),(39,212,1),(40,47,0),(40,193,0),(40,194,0),(41,34,1),(41,70,1),(41,238,1),(42,33,2),(42,120,2),(42,199,2),(43,109,0),(43,213,0),(43,298,0),(44,75,1),(44,188,1),(44,293,1),(45,113,1),(45,186,1),(45,274,1),(46,43,1),(46,106,1),(46,107,1),(47,52,1),(47,97,1),(47,118,1),(48,12,0),(48,87,0),(48,272,0),(49,41,2),(49,59,2),(49,281,2),(50,28,1),(50,90,1),(50,300,1),(51,30,0),(51,127,0),(51,248,0),(51,255,0),(52,67,0),(52,192,0),(52,203,0),(53,8,1),(53,128,1),(53,232,1),(54,86,0),(54,163,0),(54,198,0),(55,25,0),(55,143,0),(55,154,0),(56,38,0),(56,60,0),(56,301,0),(57,215,2),(57,261,2),(57,299,2),(58,124,2),(58,182,2),(58,229,2),(59,69,1),(59,123,1),(59,183,1),(60,146,0),(60,167,0),(60,181,0),(60,292,0),(61,171,2),(61,226,2),(61,270,2),(62,129,1),(62,201,1),(62,209,1),(63,32,2),(63,85,2),(63,210,2),(64,164,2),(64,208,2),(64,279,2),(65,137,0),(65,158,0),(65,247,0),(66,27,2),(66,145,2),(66,176,2),(67,13,0),(67,93,0),(67,276,0),(68,83,2),(68,101,2),(68,110,2),(68,219,2),(69,55,1),(69,115,1),(69,214,1),(70,1,2),(70,17,2),(70,35,2),(71,119,1),(71,133,1),(71,258,1),(72,131,0),(72,243,0),(72,253,0),(73,49,2),(73,142,2),(73,234,2),(74,18,0),(74,54,0),(74,179,0),(75,44,1),(75,98,1),(76,77,1),(76,89,1),(76,246,1),(77,20,0),(77,122,0),(77,140,0),(78,79,1),(78,94,1),(78,173,1),(79,39,2),(79,152,2),(79,265,2),(80,16,0),(80,64,0),(80,130,0),(81,26,2),(81,216,2),(81,278,2),(82,99,1),(82,132,1),(82,250,1),(83,4,1),(83,95,1),(83,166,1),(83,267,1),(84,9,0),(84,236,0),(84,284,0),(85,211,1),(85,275,1),(85,290,1),(86,29,2),(86,227,2),(86,264,2),(87,10,2),(87,151,2),(87,282,2),(88,72,1),(88,126,1),(88,180,1),(89,73,0),(89,139,0),(89,204,0),(90,15,0),(90,156,0),(90,157,0),(91,48,1),(91,63,1),(91,197,1),(92,2,0),(92,148,0),(92,205,0),(93,74,0),(93,116,0),(93,169,0),(94,22,1),(94,102,1),(94,288,1),(95,31,0),(95,153,0),(95,285,0),(96,71,0),(96,111,0),(96,254,0),(97,24,0),(97,112,0),(97,289,0),(98,11,1),(98,46,1),(98,125,1),(99,76,1),(99,96,1),(99,223,1),(99,257,1);
/*!40000 ALTER TABLE `apply_info` ENABLE KEYS */;
UNLOCK TABLES;

--
-- Table structure for table `rec_comment`
--

DROP TABLE IF EXISTS `rec_comment`;
/*!40101 SET @saved_cs_client     = @@character_set_client */;
/*!50503 SET character_set_client = utf8mb4 */;
CREATE TABLE `rec_comment` (
  `User_ID` int NOT NULL,
  `Rec_ID` int NOT NULL,
  `Rec_Comm` varchar(200) DEFAULT NULL,
  `Rec_Grade` int DEFAULT NULL,
  PRIMARY KEY (`User_ID`,`Rec_ID`),
  KEY `FK_Rec_Comment2` (`Rec_ID`),
  CONSTRAINT `FK_Rec_Comment` FOREIGN KEY (`User_ID`) REFERENCES `user` (`User_ID`) ON DELETE RESTRICT ON UPDATE RESTRICT,
  CONSTRAINT `FK_Rec_Comment2` FOREIGN KEY (`Rec_ID`) REFERENCES `recruit_info` (`Rec_ID`) ON DELETE RESTRICT ON UPDATE RESTRICT
) ENGINE=InnoDB DEFAULT CHARSET=utf8mb4 COLLATE=utf8mb4_0900_ai_ci;
/*!40101 SET character_set_client = @saved_cs_client */;

--
-- Dumping data for table `rec_comment`
--

LOCK TABLES `rec_comment` WRITE;
/*!40000 ALTER TABLE `rec_comment` DISABLE KEYS */;
INSERT INTO `rec_comment` VALUES (4,53,NULL,4),(4,88,NULL,2),(4,240,NULL,0),(7,66,NULL,3),(7,78,NULL,3),(7,189,NULL,4),(9,155,NULL,1),(9,196,NULL,1),(9,235,NULL,4),(16,136,NULL,2),(16,141,NULL,0),(16,161,NULL,1),(17,45,NULL,5),(17,150,NULL,5),(17,175,NULL,0),(18,100,NULL,3),(18,225,NULL,3),(18,251,NULL,4),(24,58,NULL,5),(24,92,NULL,1),(24,162,NULL,4),(28,91,NULL,3),(28,224,NULL,0),(28,242,NULL,5),(34,51,NULL,5),(34,56,NULL,1),(34,277,NULL,0),(35,14,NULL,0),(35,206,NULL,0),(35,271,NULL,3),(39,65,NULL,3),(39,121,NULL,2),(39,212,NULL,2),(41,34,NULL,3),(41,70,NULL,0),(41,238,NULL,3),(44,75,NULL,0),(44,188,NULL,3),(44,293,NULL,2),(45,113,NULL,1),(45,186,NULL,0),(45,274,NULL,0),(46,43,NULL,1),(46,106,NULL,5),(46,107,NULL,4),(47,52,NULL,4),(47,97,NULL,1),(47,118,NULL,3),(50,28,NULL,1),(50,90,NULL,1),(50,300,NULL,2),(53,8,NULL,4),(53,128,NULL,1),(53,232,NULL,4),(59,69,NULL,1),(59,123,NULL,5),(59,183,NULL,1),(62,129,NULL,4),(62,201,NULL,4),(62,209,NULL,4),(69,55,NULL,2),(69,115,NULL,2),(69,214,NULL,5),(71,119,NULL,2),(71,133,NULL,3),(71,258,NULL,5),(75,44,NULL,1),(75,98,NULL,3),(76,77,NULL,2),(76,89,NULL,0),(76,246,NULL,4),(78,79,NULL,5),(78,94,NULL,5),(78,173,NULL,4),(82,99,NULL,4),(82,132,NULL,0),(82,250,NULL,1),(83,4,NULL,2),(83,95,NULL,5),(83,166,NULL,3),(83,267,NULL,3),(85,211,NULL,3),(85,275,NULL,4),(85,290,NULL,1),(88,72,NULL,1),(88,126,NULL,2),(88,180,NULL,5),(91,48,NULL,0),(91,63,NULL,1),(91,197,NULL,1),(94,22,NULL,5),(94,102,NULL,3),(94,288,NULL,1),(98,11,NULL,1),(98,46,NULL,0),(98,125,NULL,0),(99,76,NULL,2),(99,96,NULL,0),(99,223,NULL,2),(99,257,NULL,2);
/*!40000 ALTER TABLE `rec_comment` ENABLE KEYS */;
UNLOCK TABLES;

--
-- Table structure for table `rec_gr`
--

DROP TABLE IF EXISTS `rec_gr`;
/*!40101 SET @saved_cs_client     = @@character_set_client */;
/*!50503 SET character_set_client = utf8mb4 */;
CREATE TABLE `rec_gr` (
  `User_ID` int NOT NULL,
  `Rec_Avg_Grade` float DEFAULT NULL,
  `Rec_Grade_Num` int DEFAULT NULL,
  PRIMARY KEY (`User_ID`),
  CONSTRAINT `FK_Relationship_6` FOREIGN KEY (`User_ID`) REFERENCES `user` (`User_ID`) ON DELETE RESTRICT ON UPDATE RESTRICT
) ENGINE=InnoDB DEFAULT CHARSET=utf8mb4 COLLATE=utf8mb4_0900_ai_ci;
/*!40101 SET character_set_client = @saved_cs_client */;

--
-- Dumping data for table `rec_gr`
--

LOCK TABLES `rec_gr` WRITE;
/*!40000 ALTER TABLE `rec_gr` DISABLE KEYS */;
INSERT INTO `rec_gr` VALUES (4,2,3),(7,3.3333,3),(9,2,3),(16,1,3),(17,3.3333,3),(18,3.3333,3),(24,3.3333,3),(28,2.6667,3),(34,2,3),(35,1,3),(39,2.3333,3),(41,2,3),(44,1.6667,3),(45,0.3333,3),(46,3.3333,3),(47,2.6667,3),(50,1.3333,3),(53,3,3),(59,2.3333,3),(62,4,3),(69,3,3),(71,3.3333,3),(75,2,2),(76,2,3),(78,4.6667,3),(82,1.6667,3),(83,3.25,4),(85,2.6667,3),(88,2.6667,3),(91,0.6667,3),(94,3,3),(98,0.3333,3),(99,1.5,4);
/*!40000 ALTER TABLE `rec_gr` ENABLE KEYS */;
UNLOCK TABLES;

--
-- Table structure for table `recruit_info`
--

DROP TABLE IF EXISTS `recruit_info`;
/*!40101 SET @saved_cs_client     = @@character_set_client */;
/*!50503 SET character_set_client = utf8mb4 */;
CREATE TABLE `recruit_info` (
  `Rec_ID` int NOT NULL AUTO_INCREMENT,
  `User_ID` int DEFAULT NULL,
  `Rec_Salary` varchar(20) DEFAULT NULL,
  `Rec_Location` varchar(80) DEFAULT NULL,
  `Rec_TimeSchedule` varchar(80) DEFAULT NULL,
  `Rec_Title` varchar(30) DEFAULT NULL,
  `Rec_Cate` varchar(20) DEFAULT NULL,
  `Rec_Enrolled` int DEFAULT NULL,
  `Rec_Quota` int DEFAULT NULL,
  `Rec_Desc` varchar(2000) DEFAULT NULL,
  `Rec_Experience` varchar(20) DEFAULT NULL,
  `Rec_Education` varchar(10) DEFAULT NULL,
  `Tags` varchar(65) DEFAULT NULL,
  PRIMARY KEY (`Rec_ID`),
  KEY `FK_发布` (`User_ID`),
  CONSTRAINT `FK_发布` FOREIGN KEY (`User_ID`) REFERENCES `user` (`User_ID`) ON DELETE RESTRICT ON UPDATE RESTRICT
) ENGINE=InnoDB AUTO_INCREMENT=1205 DEFAULT CHARSET=utf8mb4 COLLATE=utf8mb4_0900_ai_ci;
/*!40101 SET character_set_client = @saved_cs_client */;

--
-- Dumping data for table `recruit_info`
--

LOCK TABLES `recruit_info` WRITE;
/*!40000 ALTER TABLE `recruit_info` DISABLE KEYS */;
INSERT INTO `recruit_info` VALUES (1,NULL,'3600-4500',' 徐汇 ',NULL,'公司保洁员/商场保洁员','保洁',NULL,NULL,'工作时间：7:30-16:30\n工作内容：\n1.负责公司旗舰体验中心日常保洁工作，保持指定区域干净整洁；\n2.帮忙打扫咖啡吧区域卫生，协助收拾整理会议室等；\n3.合理使用和放置保洁用具；\n4.其他上级领导安排的保洁相关事宜。\n职位要求：\n1.年龄在45岁左右，商场保洁员经验2年以上；\n2.按照公司标准要求穿着服装；\n3.爱干净，勤快，有服务意识，无不良嗜好；\n4.普通话无明显口音。\n工作时间：7:30-16:30','不限','不限','  广告     五险一金    '),(2,NULL,'4000-6000',' 马陆 ',NULL,'高薪诚聘外贸业务员','外贸专员/助理',NULL,NULL,'应届毕业生优先\n岗位职责：\n1、 能够独立开展贸易业务，开发新客户，定期回访老客户，优化客户资源；\n2、 负责公司主营产品的推广及销售；\n3、 负责联系客户、编制报价、参与商务谈判；\n4、 负责单证审核、结算、售后服务等工作；\n5、 业务相关资料的整理和归档；\n6、 领导分派的其他相关工作\n任职资格：\n1、大专及以上学历，国际贸易，英语四级以上，较好是刚毕业的应届生；\n2、熟悉贸易操作流程及相关法律法规，具备贸易领域专业知识；\n3、具有良好的业务拓展能力和商务谈判技巧，公关意识强，具有较强的事业心、团队合作精神和独立处事能力，勇于开拓和创新。','不限','大专','     包吃   交通补助   饭补   包住    '),(3,NULL,'4500-8000',' 松江 ',NULL,'服务员包吃住4500起','服务员',NULL,NULL,'','不限','不限','     包吃   包住   年底双薪   五险一金    '),(4,NULL,'4000-7000',' 中山 ',NULL,'高薪汽车美容技师','汽车美容',NULL,NULL,'','不限','不限','     包吃   房补    '),(5,NULL,'11000-15000',' 上海 ',NULL,'急招C1驾驶员。','商务司机',NULL,NULL,'','不限','不限','     交通补助   年底双薪    '),(6,NULL,'15000-23000',' 松江老城 ',NULL,'全都是年轻人在奋斗的工作','房产经纪人',NULL,NULL,'描述不重要，有兴趣的话主要靠谈出来的！\n销售是普通人通往成功的较短的捷径！销售的较本质的就是沟通和谈判，有兴趣做销售，来，我们当面谈！\n诚聘：对现状不满，不干平庸，想超越自己的你。\n年龄18---32岁，身体健康，吃苦耐劳。\n1：薪资标准：无责任底薪3000-6000，加提成30%---60%；带薪培训。\n2：工作条件：带客户看房、签单、走售后流程。\n3: 福利待遇。 每个月均有重磅激励方案（季度游、奖品、现金）。\n4:透明的晋升机会，靠自己能力晋升管理者，基层管理者平均月薪12000以上，晋升不封顶，工资不封顶。都是年轻人的舞台！\n20多岁的年纪，别把激情给了是人都能做的工作，态度决定你一生的。','不限','不限','     五险一金   话补   交通补助   饭补   房补         '),(7,NULL,'6000-7000',' 徐汇 ',NULL,'电气自动化技术+应届生','自动化工程师',NULL,NULL,'岗位职责：\n1、负责自动化系统方案设计，施工图和加工制造图纸设计；\n2、负责各种测量仪表和自动控制系统、电气仪表备件的选型及管理；\n3、负责维护检修生产装置的各种仪表，各种计量仪表的检测；\n4、负责扩建和技改项目，包括仪表桥架的设计安装、电缆的铺设、气源管线和引压管线的安装，仪表的安装调试，控制回路的信号测试；\n5、负责对自控系统及仪表图纸进行设计、选型、安装、调试和维护等工作，对温度、压力、流量、液位实现自动化控制等。\n任职资格：\n1、大学本科以上学历，工业自动化专业；\n2、应届毕业生；\n3、熟练掌握办公自动化软件的使用和操作以及一款3D建模软件，如ProE，3DMax等；\n4、英语读写良好。','不限','本科','     周末双休    '),(8,NULL,'8000-15000',' 人民广场 ',NULL,'饿了么站点直招外卖小哥哥','送餐员',NULL,NULL,'岗位职责：\n1、负责自动化系统方案设计，施工图和加工制造图纸设计；\n2、负责各种测量仪表和自动控制系统、电气仪表备件的选型及管理；\n3、负责维护检修生产装置的各种仪表，各种计量仪表的检测；\n4、负责扩建和技改项目，包括仪表桥架的设计安装、电缆的铺设、气源管线和引压管线的安装，仪表的安装调试，控制回路的信号测试；\n5、负责对自控系统及仪表图纸进行设计、选型、安装、调试和维护等工作，对温度、压力、流量、液位实现自动化控制等。\n任职资格：\n1、大学本科以上学历，工业自动化专业；\n2、应届毕业生；\n3、熟练掌握办公自动化软件的使用和操作以及一款3D建模软件，如ProE，3DMax等；\n4、英语读写良好。','不限','不限','     加班补助   年底双薪   包住   周末双休   房补    '),(9,NULL,'10000-15000',' 七宝 ',NULL,'风水大师','其他职位',NULL,NULL,' 工作内容：1.负责线上/线下来访客户的咨询.答疑                  2.如客户有门店风水调理需求，到客户所在地解决实际问题；职位要求：有两年以上相关经验；               ','1-2年','大专','     饭补   房补    '),(10,NULL,'7500-10000',' 松江新城 ',NULL,'包住+8k招汽车维修大工','汽车修理工',NULL,NULL,' 工作内容：1.负责线上/线下来访客户的咨询.答疑                  2.如客户有门店风水调理需求，到客户所在地解决实际问题；职位要求：有两年以上相关经验；               ','6-7年','不限','     包住   年底双薪   加班补助   饭补   包吃    '),(11,NULL,'8000-15000',' 上海 ',NULL,'急招高薪室内设计','CAD设计/制图',NULL,NULL,'1、 负责与客户沟通了解客户的设计意向，负责设计方案和施工图的拟定；\n2、 协助客户看预算及方案和签单合同；\n3、进行工地跟踪及服务；\n4、协助工程经理进行工程验收；\n任职要求：\n1、较强的创意、策划能力，良好的文字表达能力，思维敏捷；\n2、需熟练掌握CAD ，草图大师，酷家乐等设计软件\n3、工作认真，有责任心，踏实肯干，富有团队精神；\n4、具备良好的美术基础，良好的创意构思能力,会做预算','不限','大专','     五险一金   话补   交通补助    '),(12,NULL,'8000-15000',' 张江 ',NULL,'急招足浴养生师包吃住','按摩师',NULL,NULL,'技师：薪资8000—15000\n学徒：薪资6000以上\n任职要求：五官端正；18-35岁；优秀者可放宽条件。\n休息：每月4天（工休）。\n福利：包吃住，吃住条件良好。公司对员工非常看重，特设立5个奖项。加钟奖，满勤奖，超额奖，名次奖。另工作满一年，年终奖（较高达5000）。','不限','不限','     包吃   包住   加班补助   年底双薪    '),(13,NULL,'8000-15000',' 嘉定城区 ',NULL,'招聘主播底薪加提成加福利','视频主播',NULL,NULL,'招10-20人｜经验不限｜学历不限\n1.年龄18-28周岁 女生 形象气质佳，声音甜美，敢于秀出自我，思维敏捷，有良好的语言沟通能力，总有一定的才艺（会唱歌，喊麦，舞蹈等）\n2.在网络直播间表演才艺（唱歌跳舞，聊天唠嗑），吸引粉丝\n3.每天直播3-4小时 做六休一 月休四天 可自由分配\n4.绿色直播平台，杜绝一切低俗和不健康的行为\n5.普通话标准，具备镜头表现能力，较重要的是要有亲和力\n6.底薪8000-15000 底薪＋绩效考核＋提成 上不封顶 具体工资面议','不限','不限','     加班补助    '),(14,NULL,'5000-8000',' 徐汇 ',NULL,'文案编辑（文案策划）','编辑/撰稿',NULL,NULL,'工作内容：\n1、根据公司营销策略和方案，撰写宣传资料和相关活动文案；\n2、根据规划编写宣传文案；\n3、负责活动文案撰写，独立完成各项文案及相关文字工作；\n4、负责项目推广执行涉及的相关软文及配图文案的撰写；\n5、为各项活动提供强有力的文案支持，能出色展现策略点的精髓。\n6、在企业公众号和网络平台上为公司相关业务做好宣传工作。\n职位要求：\n1、具备独立撰写相关市场策划、营销策划方案的能力；\n2、了解产品定位及推广、活动策划等行业运作环节及流程；\n3、具有较强的策略性、创造性，较强的语言掌控能力及较好的文字功底；\n4、对品牌推广及管理有较强的执行能力；\n5、创意能力强、思维敏捷、善于沟通、具有良好的语言表达能力；\n6、金融、市场、营销学、广告学等相关专业尤佳；\n7、熟练操作公众号和抖音等相关宣传媒介；\n8、从事过金融文案的优先。\n工作时间：\n早九晚六，周末双休','1-2年','本科','     五险一金   年底双薪   周末双休    '),(15,NULL,'12000-22000',' 松江 ',NULL,'无押金直招网约车司机','商务司机',NULL,NULL,'','不限','不限','     五险一金   包住   包吃   年底双薪   周末双休         '),(16,NULL,'5000-10000',' 中远两… ',NULL,'三维设计师一名','三维/3D设计/制作',NULL,NULL,'','不限','不限','     五险一金   周末双休   饭补   年底双薪    '),(17,NULL,'15000-28000',' 顾村 ',NULL,'直招全职自营C1司机包住','商务司机',NULL,NULL,'','不限','不限','    求职保障   包住   饭补   房补   加班补助   五险一金     '),(18,NULL,'4500-6000',' 闵行 ',NULL,'烘焙学徒福利好','学徒',NULL,NULL,'','不限','不限','     五险一金   包住   包吃    '),(19,NULL,'7000-9000',' 罗泾 ',NULL,'急招PMC主任7千+','生产计划',NULL,NULL,'工作内容：1、学历：全日制大专，年龄：30-40岁；\n2、有五年PMC工作经验，较少有三年以上主管工作经验；\n3、对数据敏感，较强逻辑思维，善于沟通；\n4、有带领团队能力，良好的管理技巧；\n5、对生产计划物料的跟单相当熟悉，精通ERP操作，有先进的管理理念；\n6、有机械设备行业优先；\n7、工作时间：8:00-16:30 周末双休 公司免费提供食宿','3-5年','大专','     包住   包吃   周末双休   加班补助   饭补    '),(20,NULL,'14000-23000',' 青浦 ',NULL,'1.5万直招网约司机无押','专车司机',NULL,NULL,'','不限','不限','     包住   房补   交通补助   饭补   包吃         '),(21,NULL,'10000-18000',' 九亭  ',NULL,'现车现提招司机无杂费','商务司机',NULL,NULL,'','不限','不限','     五险一金   年底双薪   周末双休   交通补助   加班补助         '),(22,NULL,'11000-18000',' 九亭  ',NULL,'招司机1万全勤1千+提成','专车司机',NULL,NULL,'','不限','不限','     五险一金   包住   包吃   交通补助   年底双薪         '),(23,NULL,'8000-15000',' 金桥 ',NULL,'信用卡推广专员8K+五险','保险客户经理',NULL,NULL,'','不限','不限','     五险一金   周末双休   年底双薪   交通补助    '),(24,NULL,'4500-5000',' 虹口 ',NULL,'物业强电工','物业维修',NULL,NULL,'任职要求：\n1、 初中以上学历，55周岁以下，身体健康。\n2、 两年以上从事电工专业维修工作经验。\n3、 具有良好的服务意识，责任心强。\n4、 持有低压、高压操作证。\n岗位职责：\n1、应清楚了解供电系统情况，所辖设备的性能及控制范围。熟练掌握各配电设备及发电机 的运行、操作、维修规程。\n2、 接到维修通知后，必须按规定时间到达现场处理，服从工作安排。 3、 严格执行电工操作规程，各接点接触牢固，绝缘及防水处理必须可靠。\n4、 负责管理区域日常设备养护维保工作。\n5、 各类高、低压操作必须按照电工操作规程进行，以保证人身及设备安全。\n6、 完成上级领导交办的其它工作。','不限','不限','     五险一金   年底双薪   饭补   加班补助    '),(25,NULL,'11000-19000',' 九亭  ',NULL,'高薪网约车司机自由待遇优','专车司机',NULL,NULL,'','不限','不限','     五险一金   年底双薪   周末双休   交通补助   加班补助         '),(26,NULL,'12000-15000',' 浦东 ',NULL,'0基础健身教练招聘','其他职位',NULL,NULL,'','不限','不限','     五险一金   包住   周末双休   交通补助   年底双薪    '),(27,NULL,'面议',' 龙柏金汇 ',NULL,'诚招按摩师供食宿待遇好','按摩师',NULL,NULL,' 岗位要求:18/32岁，身高150以上，有无经验均可，包吃住，待遇好，有意者联系。 ','不限','不限','     五险一金   包吃   包住   周末双休   年底双薪     '),(28,NULL,'12000-18000',' 嘉定城区 ',NULL,'上海盛尊汽车招聘','商务司机',NULL,NULL,'','3-5年','不限','     包住   包吃   年底双薪   交通补助   加班补助       '),(29,NULL,'12000-15000',' 浦东 ',NULL,'0基础健身教练（包住宿）','运动健身其他',NULL,NULL,'','不限','不限','     五险一金   包住   周末双休   交通补助   年底双薪    '),(30,NULL,'10000-20000',' 漕宝路站 ',NULL,'金融理财顾问10-20k','投资/理财顾问',NULL,NULL,'','不限','大专','     话补   加班补助   交通补助   周末双休    '),(31,NULL,'11000-16000',' 上南 ',NULL,'招驾驶员C1司机做网约车','出租车司机',NULL,NULL,'','不限','不限','     五险一金   包住   包吃   年底双薪   周末双休         '),(32,NULL,'5000-10000',' 上海 ',NULL,'手术室护士（有经验）','护士/护理',NULL,NULL,'','不限','中专','     五险一金   包吃   包住   加班补助    '),(33,NULL,'3000-5000',' 松江工… ',NULL,'诚聘汽车维修中工+包吃住','汽车修理工',NULL,NULL,'温馨提示：如有意向应聘欢迎直接来电咨询或者到店面试！（同事招聘汽修工电工，年龄较好不要小于20岁以下）\n岗位职责:\n1、对车辆进行日常保养、检查和维修\n2、修理即将交付车辆进行交车检查\n3、对工具设备进行定期维护保养\n任职资格：\n1、品行端正，能吃苦耐劳\n2、有汽车维修经验优先录取3、有汽车驾驶技能证件优先','不限','不限','     包吃   包住    '),(34,NULL,'8000-12000',' 顾村 ',NULL,'房地产置业顾问+高提成','置业顾问',NULL,NULL,'岗位描述：\n1、负责客户接待、咨询工作，为客户提供专业的房地产置业咨询服务。\n2、了解客户需求，促成商业地产的买卖或租赁业务，并负责业务跟进及房屋过户手续办理等服务工作。\n3、负责公司房源开发与积累，并与业主建立良好的业务协作关系。\n任职要求：\n1、20-35周岁，高中及以上学历\n2、有一定的沟通表达能力，热爱房产销售行业。\n3、具备强烈进取精神，渴望高薪。\n工作时间：\n9：00-21：00，做六休一。\n薪资待遇：\n1、底薪5500+网站+提成（12％-50％）+500学历补贴（本科及以上）\n2、带薪培训，节日福利、租/买房福利、父母养育津贴、陪父母假、体检、高温补贴等；\n工作地址：\n宝山区沙浦路153号、宝山区新二路1088弄9号\n宝山区殷高路159号、闵行区颛兴路247号\n闵行区东川路2099号、闵行区银都路3444号\n徐汇区宛平南路267号、徐汇区斜土路1417-1419号\n徐汇区南丹路130号、徐汇区斜土路1175号\n嘉定区南翔镇中佳路36号、嘉定区丰翔路3133号\n黄浦区鲁班路356号、黄浦区西藏南路900弄908室\n黄浦区斜土东路148号、黄浦区斜土路77号\n黄浦区陆家浜路721号、黄浦区河南南路543号','不限','不限','     加班补助   年底双薪    '),(35,NULL,'9000-15000',' 上海 ',NULL,'急聘足浴按摩女技师','足疗师',NULL,NULL,'岗位描述：\n1、负责客户接待、咨询工作，为客户提供专业的房地产置业咨询服务。\n2、了解客户需求，促成商业地产的买卖或租赁业务，并负责业务跟进及房屋过户手续办理等服务工作。\n3、负责公司房源开发与积累，并与业主建立良好的业务协作关系。\n任职要求：\n1、20-35周岁，高中及以上学历\n2、有一定的沟通表达能力，热爱房产销售行业。\n3、具备强烈进取精神，渴望高薪。\n工作时间：\n9：00-21：00，做六休一。\n薪资待遇：\n1、底薪5500+网站+提成（12％-50％）+500学历补贴（本科及以上）\n2、带薪培训，节日福利、租/买房福利、父母养育津贴、陪父母假、体检、高温补贴等；\n工作地址：\n宝山区沙浦路153号、宝山区新二路1088弄9号\n宝山区殷高路159号、闵行区颛兴路247号\n闵行区东川路2099号、闵行区银都路3444号\n徐汇区宛平南路267号、徐汇区斜土路1417-1419号\n徐汇区南丹路130号、徐汇区斜土路1175号\n嘉定区南翔镇中佳路36号、嘉定区丰翔路3133号\n黄浦区鲁班路356号、黄浦区西藏南路900弄908室\n黄浦区斜土东路148号、黄浦区斜土路77号\n黄浦区陆家浜路721号、黄浦区河南南路543号','不限','不限','     包住   包吃   加班补助    '),(36,NULL,'10000-15000',' 上海 ',NULL,'高薪招聘网约车司机包油','商务司机',NULL,NULL,'','不限','不限','     交通补助   年底双薪   包住   包吃   周末双休         '),(37,NULL,'10000-20000',' 水产路站 ',NULL,'风险全包招网约车司机','商务司机',NULL,NULL,'','不限','不限','     五险一金   包住   房补    '),(38,NULL,'12500-18000',' 马陆 ',NULL,'网约车司机保底一万三包住','商务司机',NULL,NULL,'','不限','不限','     包住   五险一金   房补   加班补助   年底双薪         '),(39,NULL,'8000-12000',' 外高桥 ',NULL,'月薪8千+按摩师','按摩师',NULL,NULL,'针对患者的身体状况,通过专业按摩理疗减轻病症,改善健康状况，包括足道足底穴位按摩，有专业技术总监培训上岗\n年龄18-40岁女性\n五官端正，形象气质佳\n有保底工资','不限','不限','     包吃   包住   年底双薪   加班补助    '),(40,NULL,'9000-16000',' 陆家嘴 ',NULL,'美团陆家嘴夏季爆单高收入','送餐员',NULL,NULL,'针对患者的身体状况,通过专业按摩理疗减轻病症,改善健康状况，包括足道足底穴位按摩，有专业技术总监培训上岗\n年龄18-40岁女性\n五官端正，形象气质佳\n有保底工资','不限','不限','     饭补   话补   交通补助   年底双薪   加班补助    '),(41,NULL,'面议',' 华泾 ',NULL,'高薪高职房产店长/经理','房产店长/经理',NULL,NULL,'工作内容：\n1、负责门店的业绩、销售计划及量化目标的制订和落实；\n2、负责门店的各项业务（如：对门店工作环境和经纪人工作状态的监督，门店会议、销售、培训、签约等）的协调完成\n3、及时整理协调解决客户的各类投诉，并及时反馈有关信息，认真做好门店的各项服务工作。维护公司和门店的服务水平及美誉度；\n4、负责制作门店的销售统计与分析报表；\n5、帮助经纪人跟单、签单等各项业务；\n6、负责对门店内经纪人进行培训和管理，根据实际工作情况向公司建议奖励、留用、处罚及解聘经纪人；\n7、定期向总经理提交工作报告及工作计划，服从领导的工作安排，协调好上下级关系；\n8、领导交办的任务及其它临时性工作。\n职位要求：\n1、 无学历门槛要求 营销类 管理类专业优先\n2、善于沟通，有较强的的语言表达能力\n3、亲和力强，有良好的的判断力和职业操守\n4、有较强的进取心、学习能力、勇于挑战自我，不甘平庸\n5、有较强的的服务意识，做事认真踏实，为人正直诚恳\n工作时间：弹性工作','不限','不限','     五险一金   包住   年底双薪   加班补助   饭补      '),(42,NULL,'8000-16000',' 曹杨 ',NULL,'8000+住宿+高提成','房产经纪人',NULL,NULL,'工作内容：\n1、负责门店的业绩、销售计划及量化目标的制订和落实；\n2、负责门店的各项业务（如：对门店工作环境和经纪人工作状态的监督，门店会议、销售、培训、签约等）的协调完成\n3、及时整理协调解决客户的各类投诉，并及时反馈有关信息，认真做好门店的各项服务工作。维护公司和门店的服务水平及美誉度；\n4、负责制作门店的销售统计与分析报表；\n5、帮助经纪人跟单、签单等各项业务；\n6、负责对门店内经纪人进行培训和管理，根据实际工作情况向公司建议奖励、留用、处罚及解聘经纪人；\n7、定期向总经理提交工作报告及工作计划，服从领导的工作安排，协调好上下级关系；\n8、领导交办的任务及其它临时性工作。\n职位要求：\n1、 无学历门槛要求 营销类 管理类专业优先\n2、善于沟通，有较强的的语言表达能力\n3、亲和力强，有良好的的判断力和职业操守\n4、有较强的进取心、学习能力、勇于挑战自我，不甘平庸\n5、有较强的的服务意识，做事认真踏实，为人正直诚恳\n工作时间：弹性工作','不限','不限','    求职保障   五险一金   包住   年底双薪   房补   话补    '),(43,NULL,'10000-16000',' 上海 ',NULL,'帮公司开3千押金网约车','出租车司机',NULL,NULL,'','不限','不限','     五险一金   话补   交通补助   加班补助   房补         '),(44,NULL,'11000-18000',' 浦江 ',NULL,'高薪招聘网约车驾驶员包住','商务司机',NULL,NULL,'','不限','不限','     包住   交通补助   房补   饭补    '),(45,NULL,'5000-8000',' 陆家嘴 ',NULL,'美容师','美容师',NULL,NULL,'','不限','不限','     包住   饭补    '),(46,NULL,'12000-15000',' 浦东 ',NULL,'健身教练学徒（包住）','健身教练',NULL,NULL,'','不限','不限','     五险一金   包住   周末双休   交通补助   年底双薪    '),(47,NULL,'8000-15000',' 浦江 ',NULL,'闵行大浦江诚聘房屋销售','置业顾问',NULL,NULL,'','不限','不限',''),(48,NULL,'面议',' 赵巷 ',NULL,'欢迎有想法的朋友加入','房产经纪人',NULL,NULL,' 三千石地产，主营徐泾、赵巷、佘山、华漕版块20年整。能让有梦想的年轻人：一年成为专业的房地产经纪人，实现买车梦想；二年晋升分行经理，参与公司股权分享，财富迅速提升；三年晋升高级经理，实现买房梦想；只要你足够优秀，只要你敢想敢做，我们提供无限的空间任你这，不仅仅是一份工作的机会，更是一个创业的平台！ ','不限','不限','     五险一金    '),(49,NULL,'8500-13000',' 南京西路 ',NULL,'站点直招送餐员薪资一万+','送餐员',NULL,NULL,'','不限','不限','     饭补   话补   加班补助   房补   交通补助    '),(50,NULL,'11000-18000',' 嘉定新城 ',NULL,'高薪诚聘网约司机30名','商务司机',NULL,NULL,'','不限','不限','     年底双薪   包住   交通补助   房补   五险一金    '),(51,NULL,'8000-15000',' 周浦 ',NULL,'现车现提合法营运车','商务司机',NULL,NULL,'职位描述；公司现车，来了马上提车，不限户籍，公司现车，先到先得！当天注册平台，当天挣钱；\n本公司与多个平台合作，保证客源充足，多劳多得，月收入在8000-15000以上，公司不抽取任何平台费。\n新入行的还可以免费提供个老司机带带，指导讲解；一人一车也可两人一车，上海政策已出不允许外地车牌跑专车，本公司所有车均上海大牌Y牌可以上高架，尽请放心。\n模式一.【租车模式】\n1、公司提供荣威e550、e950、秦、宋、传祺、帕萨特、凯美瑞等全部是营运牌照，有营运资格证，合法运营的车子。\n2、车辆押金7000，车辆月租5000-7000不等，（含：保养 保险 路政风险） 其他公司全包\n3、月综合纯收入1.3万-2万左右！\n模式二、【自营模式】\n公司提供车辆 每日完成一定任务 每月工资10000＋！！\n减轻司机前期资金压力问题 司机放心安全的去跑 所有风险公司承担！\n全部营运牌照带营运证，路政公司全包，营业额全是自己的，期满押金退回……\n任职资格：\n1.年龄21周岁-55周岁以下\n2.C1驾照以上\n3.3年以上驾龄\n【工作内容】：公司派单，不用抢单！\n工作地点：全上海，市区，周边城市。\n工作时间： 时间自由安排，不用每天到公司报道。\n公司出售大量全新，次新车，荣威550,950，买卖，还有丰田雷凌全新车，价格优惠，绝对低于市场价。','不限','不限','     包住   包吃   年底双薪   五险一金   周末双休         '),(52,NULL,'15000-18000',' 中原 ',NULL,'运营车招司机单量保证','商务司机',NULL,NULL,'','不限','不限','     交通补助   加班补助   五险一金   房补   包住         '),(53,NULL,'9000-16000',' 松江新城 ',NULL,'押金三千网约车司机','专车司机',NULL,NULL,'','不限','不限','     五险一金   房补   包住    '),(54,NULL,'13000-25000',' 梅陇 ',NULL,'网约车特价10台无管理费','商务司机',NULL,NULL,'','不限','不限','     话补   房补    '),(55,NULL,'12000-15000',' 浦江 ',NULL,'招网约车司机投入低','商务司机',NULL,NULL,'','不限','不限','     包吃   包住   房补   饭补    '),(56,NULL,'11000-22000',' 上海 ',NULL,'网约车司机月薪过万','货运司机',NULL,NULL,'','不限','不限','     年底双薪   交通补助   加班补助    '),(57,NULL,'8000-15000',' 惠南 ',NULL,'诚聘司机底薪8k包住宿','商务司机',NULL,NULL,'','不限','不限','     包住   包吃   交通补助   加班补助   周末双休       '),(58,NULL,'8000-15000',' 大场 ',NULL,'网约车司机底薪油补+提成','商务司机',NULL,NULL,'','不限','不限','     年底双薪   周末双休   包住    '),(59,NULL,'10000-20000',' 中远两… ',NULL,'风险全包招聘网约车司机','商务司机',NULL,NULL,'','不限','不限','     五险一金   包住   房补    '),(60,NULL,'8000-15000',' 三林 ',NULL,'无责底薪丨提成现发丨住宿','房产经纪人',NULL,NULL,'','不限','不限','     包住    '),(61,NULL,'10000-17000',' 浦江 ',NULL,'高薪直聘网约车司机','专车司机',NULL,NULL,'','不限','不限','     年底双薪   房补   加班补助    '),(62,NULL,'15000-20000',' 浦江 ',NULL,'直招网约车司机包住无杂费','专车司机',NULL,NULL,'','不限','不限','     房补   交通补助   加班补助   周末双休   年底双薪         '),(63,NULL,'6000-8000',' 方泰 ',NULL,'外贸专员','外贸专员/助理',NULL,NULL,' 执行公司的贸易业务,实施贸易规程,开拓市场 ','不限','不限','     周末双休    '),(64,NULL,'7000-12000',' 闵行 ',NULL,'急招汽车修理工高薪','汽车修理工',NULL,NULL,' 执行公司的贸易业务,实施贸易规程,开拓市场 ','3-5年','不限','     包住   饭补    '),(65,NULL,'9000-15000',' 梅陇 ',NULL,'公司直招出租车司机','出租车司机',NULL,NULL,'','不限','不限','     包住   包吃   年底双薪   周末双休   交通补助       '),(66,NULL,'5000-10000',' 七宝 ',NULL,'聘房产销售包住五险高提成','置业顾问',NULL,NULL,'','不限','不限','     包住   话补   房补   年底双薪   周末双休     '),(67,NULL,'12000-17500',' 嘉定城区 ',NULL,'急急高薪诚聘网约车司机','商务司机',NULL,NULL,'','1-2年','不限','     包住   加班补助   五险一金   房补    '),(68,NULL,'6000-12000',' 嘉定新城 ',NULL,'储备主管+高薪/双休','储备经理人',NULL,NULL,'一、职位描述：\n1、底薪6000，英才较高13000元（优才较高20000元）+提成+奖金+津贴\n综合工资万元以上，储备主管10-20万/年，正式主管30-60万/年.经理100万/年根据个人\n能力所得，收入上不封顶\n2、工作时间：做五休二，法定假日根据国家标准，早8.30点到11:30点，不影响送孩子上学，其他时间自行安排。\n二、任职要求；\n1、大专（含）以上学历；年龄20－50周岁，优秀销售精英者可放宽学历到高中、中专。\n2、普通话标准，表达能力强；有良好的团队合作精神。有团队管理经验优先.\n三、福利待遇：\n1、七险一金.\n2、奖金多达15种，佣金+各种奖金+季度奖+年终奖+养老金+\n公积金+福利保险保障+管理津贴+推荐奖+免费培训+公平晋升机制\n3、免费国外、国内旅游。各种旅游及丰富多样的团队活动\n四.薪资待遇：\n业绩津贴60000-12000，\n上班时间，周一至周五，朝九晚六双休，佣金不封顶，月薪过万轻松无比，晋升空间大。\n3.晋升通道\n（1）纵向发展：团队长、区域经理、销售总监\n（2）横向发展：人事、行政、培训、销售推动岗等\n4.岗位职责：\n（1）负责根据客户的要求，给用户提供专业的保险知识咨询和服务；\n（2）负责推荐保险种类及相关理财产品，并制定保险方案；\n（3）负责定期接受专业保险业务辅导和讲座；\n（4）负责参保客户的后续客户服务工作。\n5.任职要求\n（1）年龄:22-50岁。\n（2）学历:优秀销售精英者可放宽学历到高中、中专。\n（3）有做过销售行业优先。\n（4）品貌端正，身体健康，无不良嗜好。\n（5）勤奋好学，勤奋刻苦，吃苦耐劳，坚持不懈。\n（6）挑战高收入并附有激情，职业规划清晰，反应敏捷，具有较强的沟通能力和交际技巧。具有亲和力，有团队协作精神，善于挑战','不限','不限','     五险一金   周末双休   房补   话补   交通补助    '),(69,NULL,'12000-20000',' 上海 ',NULL,'C1证网约出租车月入过万','商务司机',NULL,NULL,'一、职位描述：\n1、底薪6000，英才较高13000元（优才较高20000元）+提成+奖金+津贴\n综合工资万元以上，储备主管10-20万/年，正式主管30-60万/年.经理100万/年根据个人\n能力所得，收入上不封顶\n2、工作时间：做五休二，法定假日根据国家标准，早8.30点到11:30点，不影响送孩子上学，其他时间自行安排。\n二、任职要求；\n1、大专（含）以上学历；年龄20－50周岁，优秀销售精英者可放宽学历到高中、中专。\n2、普通话标准，表达能力强；有良好的团队合作精神。有团队管理经验优先.\n三、福利待遇：\n1、七险一金.\n2、奖金多达15种，佣金+各种奖金+季度奖+年终奖+养老金+\n公积金+福利保险保障+管理津贴+推荐奖+免费培训+公平晋升机制\n3、免费国外、国内旅游。各种旅游及丰富多样的团队活动\n四.薪资待遇：\n业绩津贴60000-12000，\n上班时间，周一至周五，朝九晚六双休，佣金不封顶，月薪过万轻松无比，晋升空间大。\n3.晋升通道\n（1）纵向发展：团队长、区域经理、销售总监\n（2）横向发展：人事、行政、培训、销售推动岗等\n4.岗位职责：\n（1）负责根据客户的要求，给用户提供专业的保险知识咨询和服务；\n（2）负责推荐保险种类及相关理财产品，并制定保险方案；\n（3）负责定期接受专业保险业务辅导和讲座；\n（4）负责参保客户的后续客户服务工作。\n5.任职要求\n（1）年龄:22-50岁。\n（2）学历:优秀销售精英者可放宽学历到高中、中专。\n（3）有做过销售行业优先。\n（4）品貌端正，身体健康，无不良嗜好。\n（5）勤奋好学，勤奋刻苦，吃苦耐劳，坚持不懈。\n（6）挑战高收入并附有激情，职业规划清晰，反应敏捷，具有较强的沟通能力和交际技巧。具有亲和力，有团队协作精神，善于挑战','不限','不限','     年底双薪   房补   周末双休   交通补助    '),(70,NULL,'15000-20000',' 上海大学 ',NULL,'招聘c1网约车司机包住宿','商务司机',NULL,NULL,'','不限','不限','     包住    '),(71,NULL,'10000-15000',' 大场 ',NULL,'高薪诚聘网约车司机','出租车司机',NULL,NULL,'','不限','不限','     年底双薪   周末双休   包住    '),(72,NULL,'13000-26000',' 上海 ',NULL,'无租金包吃住招网约车司机','商务司机',NULL,NULL,'','不限','不限','     包吃   交通补助   加班补助   饭补   话补       '),(73,NULL,'10000-20000',' 安亭 ',NULL,'保险客户经理双休弹性时间','保险客户经理',NULL,NULL,'','不限','不限','     五险一金   周末双休   年底双薪   话补   交通补助    '),(74,NULL,'12000-18000',' 江桥 ',NULL,'押金三千直招网约车','专车司机',NULL,NULL,'总部直招网约司机多平台\n【全新电动大众朗逸车】\n底薪8000+2000电补+500房补，日流水600，超出归司机【押金6000+2000管理费】\n【油电混合车型】\n底薪10500+3000油补 ，日流水650超出部分归司机，部分司机需要住宿的公司可以提供住宿！\n【押金3000+2000管理费】\n当月指标完成，续签司机模式，总部每月奖励1000现金!\n其他自营司机还可挑选荣威Ei5,别克V5等车型','不限','不限','    求职保障   包住   包吃   年底双薪   周末双休   交通补助      '),(75,NULL,'8000-14000',' 颛桥 ',NULL,'上海直招网约车C1驾驶员','专车司机',NULL,NULL,'','不限','不限',''),(76,NULL,'9000-18000',' 泗塘 ',NULL,'泗塘网约车司机招募','专车司机',NULL,NULL,'','不限','不限','     五险一金    '),(77,NULL,'10000-18000',' 七宝 ',NULL,'七宝招网约车司机','专车司机',NULL,NULL,'','不限','不限','     五险一金   包吃   包住   周末双休   年底双薪         '),(78,NULL,'9000-16000',' 颛桥 ',NULL,'正规网约车出租月入2K','商务司机',NULL,NULL,'','不限','不限','     加班补助   五险一金   话补   交通补助   年底双薪     '),(79,NULL,'10000-15000',' 茸北 ',NULL,'全网最低押金招网约车司机','商务司机',NULL,NULL,'','不限','不限','     包吃   饭补   话补   房补   交通补助    '),(80,NULL,'8000-15000',' 茸北 ',NULL,'0租金低押金网约车DM','商务司机',NULL,NULL,'','不限','不限','     交通补助   包住   房补   年底双薪   周末双休      '),(81,NULL,'10000-19000',' 嘉定城区 ',NULL,'高薪网约车司机(包住）','专车司机',NULL,NULL,'','不限','不限','     包住   周末双休   房补   年底双薪   交通补助     '),(82,NULL,'面议',' 北蔡 ',NULL,'检验士/师','药剂师',NULL,NULL,'岗位职责：\n1、负责药品部门的营运、管理工作；\n2、负责药品的调剂、发放及药物咨询工作，\n3、按照《GSP》标准及制度要求进行报表和文件管理。\n任职资格：\n1、中专或以上学历，1年以上药品销售、管理经验；\n2、持药剂师/执业药剂师职称证书，GSP上岗证\n3、工作积极主动，具有高度的责任感、敬业精神和团队合作精神。\n工作时间：','不限','不限','     五险一金   包住   包吃    '),(83,NULL,'12000-18000',' 九亭  ',NULL,'网约车司机月薪过万','出租车司机',NULL,NULL,'岗位职责：\n1、负责药品部门的营运、管理工作；\n2、负责药品的调剂、发放及药物咨询工作，\n3、按照《GSP》标准及制度要求进行报表和文件管理。\n任职资格：\n1、中专或以上学历，1年以上药品销售、管理经验；\n2、持药剂师/执业药剂师职称证书，GSP上岗证\n3、工作积极主动，具有高度的责任感、敬业精神和团队合作精神。\n工作时间：','不限','不限','     房补   话补   饭补   包吃   交通补助     '),(84,NULL,'12000-22000',' 上海 ',NULL,'诚聘网约车司机门槛低','专车司机',NULL,NULL,'','不限','不限','     房补   饭补   加班补助   包吃   包住         '),(85,NULL,'面议',' 浦江 ',NULL,'招网约车司机月薪过万','专车司机',NULL,NULL,'','不限','不限','     加班补助   周末双休    '),(86,NULL,'9000-18000',' 嘉定城区 ',NULL,'上海网约车司机','商务司机',NULL,NULL,'','不限','不限','     包住   周末双休   房补    '),(87,NULL,'8800-16800',' 泗塘 ',NULL,'宝山正规网约车公司全包','商务司机',NULL,NULL,'','不限','不限','     五险一金    '),(88,NULL,'12000-18000',' 九亭  ',NULL,'月薪过万+网约司机','专车司机',NULL,NULL,'','不限','不限','     包住   房补   五险一金   包吃   年底双薪         '),(89,NULL,'面议',' 浦江 ',NULL,'招网约车司机对公后台','专车司机',NULL,NULL,'','不限','不限','     加班补助   周末双休    '),(90,NULL,'10000-15000',' 马陆 ',NULL,'高薪直招网约车司机','专车司机',NULL,NULL,'','不限','不限','     五险一金   包住   包吃   年底双薪   周末双休         '),(91,NULL,'15000-25000',' 康桥 ',NULL,'全包Y牌车现提车','专车司机',NULL,NULL,'','不限','不限','     话补   交通补助   饭补   加班补助   周末双休      '),(92,NULL,'12000-18000',' 南翔  ',NULL,'招聘网约车司机','商务司机',NULL,NULL,'','不限','不限','     周末双休   加班补助   饭补   房补   年底双薪     '),(93,NULL,'10000-15000',' 上海 ',NULL,'全新卡罗拉网约车租金五千','商务司机',NULL,NULL,'','不限','不限','     年底双薪   交通补助   加班补助   饭补   话补        '),(94,NULL,'8000-12000',' 上海 ',NULL,'直招C1网约车司机提供住','商务司机',NULL,NULL,'','不限','不限','     加班补助   交通补助   年底双薪   周末双休   五险一金    '),(95,NULL,'10000-20000',' 共富新村 ',NULL,'招网约车司机押金三千起','专车司机',NULL,NULL,'','不限','不限','     五险一金   包住   房补    '),(96,NULL,'10000-15000',' 上海 ',NULL,'网约车现车齐全月入过万','专车司机',NULL,NULL,'','不限','不限','     五险一金   包吃   包住   周末双休   年底双薪         '),(97,NULL,'16000-20000',' 江桥 ',NULL,'高薪急招网约车司机','商务司机',NULL,NULL,'','3-5年','不限','     包住    '),(98,NULL,'7000-12000',' 浦江 ',NULL,'招聘网约车司机驾驶员','商务司机',NULL,NULL,'','不限','不限','     周末双休   房补   饭补   交通补助    '),(99,NULL,'面议',' 颛桥 ',NULL,'招聘网约车自营司机','商务司机',NULL,NULL,'','不限','不限','     加班补助   年底双薪   五险一金    '),(100,NULL,'8000-16000',' 五角场 ',NULL,'诚招网约车司机+待遇优','专车司机',NULL,NULL,'','不限','不限','     包住   包吃   年底双薪   周末双休   交通补助         '),(101,NULL,'6000-11000',' 凉城 ',NULL,'虹口-广灵站四路招聘骑手','送餐员',NULL,NULL,' 一、薪资架构 ：有责底薪满勤+单量提成+早晚班补贴+冲单奖+单王奖励+（恶劣天气补贴，活动奖励）。 二、工作时间 ：早上9点--晚上10点（高峰期：上午10.30--1.30，下午5.30--8.0） 三、作息时间 ：每周休息3.4天，提前一天向站长请假。 四、任职要求 ：年龄18-50周岁，身体健康能办理健康证，会骑电瓶车，会导航，服从站点安排，整洁规范穿戴工装。 五、福利待遇 ：法定节假日公司会发放福利给骑手，高温天气站点会常备避暑物资发放给骑手。 六、公司介绍 ：公司在上海拥有14个站点，拥有接近一千名骑手。新员工特殊照顾，帮助租车，解决住宿问题！ ','不限','不限','     加班补助    '),(102,NULL,'4000-8000',' 三林 ',NULL,'置业顾问+包住+高薪','房产经纪人',NULL,NULL,' 一、薪资架构 ：有责底薪满勤+单量提成+早晚班补贴+冲单奖+单王奖励+（恶劣天气补贴，活动奖励）。 二、工作时间 ：早上9点--晚上10点（高峰期：上午10.30--1.30，下午5.30--8.0） 三、作息时间 ：每周休息3.4天，提前一天向站长请假。 四、任职要求 ：年龄18-50周岁，身体健康能办理健康证，会骑电瓶车，会导航，服从站点安排，整洁规范穿戴工装。 五、福利待遇 ：法定节假日公司会发放福利给骑手，高温天气站点会常备避暑物资发放给骑手。 六、公司介绍 ：公司在上海拥有14个站点，拥有接近一千名骑手。新员工特殊照顾，帮助租车，解决住宿问题！ ','不限','不限',''),(103,NULL,'3200-3500',' 黄兴 ',NULL,'茶馆招女性保洁','保洁',NULL,NULL,' 工作时间：          早10-晚11  做一休一工作内容：         负责店内清洁，工作轻松。职位要求：      50-55   勤劳踏实即可。 ','1-2年','不限','     五险一金   包吃   包住   加班补助    '),(104,NULL,'面议',' 大港 ',NULL,'修理厂维修顾问','理赔专员/顾问',NULL,NULL,' 工作时间：          早10-晚11  做一休一工作内容：         负责店内清洁，工作轻松。职位要求：      50-55   勤劳踏实即可。 ','不限','不限','     五险一金   包吃   包住   年底双薪    '),(105,NULL,'6000-10000',' 闵行 ',NULL,'闵行罗秀路站招聘送餐员','送餐员',NULL,NULL,'团队配送骑手招聘\n招聘要求：\n1. 18-45岁，身体健康，能吃苦\n2.无犯罪案底\n工作时间：排班制，高峰时间10:30-13:30 17:00-20:00\n至少在岗8个小时，没单时可以在商圈内自由活动。\n工作内容：在手机端接到系统派单后，前往商家取餐，准时安全把餐送到客人手上\n薪资待遇：\n1.冬季补贴+全勤+意外险等综合薪资8000+，多劳多得，上不封顶\n2.中秋、春节等公司有礼品发放\n3.夏季高温补贴、冬季暖冬补贴、恶劣天气补贴\n4.入职新人奖励\n公司买有交通保险、提供统一装备','不限','不限','     话补   加班补助    '),(106,NULL,'8000-12000',' 浦东 ',NULL,'浦东8千到1万2送餐员','送餐员',NULL,NULL,'团队配送骑手招聘\n招聘要求：\n1. 18-45岁，身体健康，能吃苦\n2.无犯罪案底\n工作时间：排班制，高峰时间10:30-13:30 17:00-20:00\n至少在岗8个小时，没单时可以在商圈内自由活动。\n工作内容：在手机端接到系统派单后，前往商家取餐，准时安全把餐送到客人手上\n薪资待遇：\n1.冬季补贴+全勤+意外险等综合薪资8000+，多劳多得，上不封顶\n2.中秋、春节等公司有礼品发放\n3.夏季高温补贴、冬季暖冬补贴、恶劣天气补贴\n4.入职新人奖励\n公司买有交通保险、提供统一装备','不限','不限','     饭补   话补   加班补助    '),(107,NULL,'面议',' 惠南 ',NULL,'全屋定制安装工','组装工',NULL,NULL,' 主要负责家具的安装、工作要认真负责 ','3-5年','不限',''),(108,NULL,'8000-12000',' 打浦桥 ',NULL,'黄埔8k-1万2送餐员','送餐员',NULL,NULL,' 主要负责家具的安装、工作要认真负责 ','不限','不限','     五险一金   包吃   包住   房补   饭补    '),(109,NULL,'6000-7000',' 浦东 ',NULL,'财务主管','财务经理/主管',NULL,NULL,'工作内容：\n一、按照会计制度，做好记帐、算帐、结帐、报帐工作等日常工作和每月的财务报表。做到凭证合法、手续完备、帐目健全、数字准确，帐目清楚，按期结报。\n二、负责公司的票据管理，合同管理，收发货清单管理，公司部分印章管理，妥善保管财务帐簿，会计报表和会计资料，保守财务秘密。\n三、保管好所有财务凭证，及时整理、装订归档，定期编制各种会计报表、统计资料，年终提交决算。\n四、负责公司费用、销售成本及利润的核算，计提各类应交税金，办理纳税工作。\n伍、定期核对往来账款，及时清算应收应付款。\n六、 按照规定，定期（月、季、年）核对账目、结账、编制会计报表，并做到报表数字真实、计算准确、内容完整、说明清楚。\n七、 按公司业务的需要，有计划地合理使用资金，随时进行控制，向管理人员提供资金执行情况的分析和考核，以利于公司决策人员采纳分析！\n职位要求：\n1-2年财务或会计工作经验，持有会计证，遵守职业道德，做到坚持原则、实事求是、一丝不苟。\n工作时间：做五休二 9:00-17:30','3-5年','不限','     包住   五险一金   周末双休    '),(110,NULL,'4000-8000',' 康桥 ',NULL,'销售内勤/文员+双休','文员',NULL,NULL,'工作内容：\n一、按照会计制度，做好记帐、算帐、结帐、报帐工作等日常工作和每月的财务报表。做到凭证合法、手续完备、帐目健全、数字准确，帐目清楚，按期结报。\n二、负责公司的票据管理，合同管理，收发货清单管理，公司部分印章管理，妥善保管财务帐簿，会计报表和会计资料，保守财务秘密。\n三、保管好所有财务凭证，及时整理、装订归档，定期编制各种会计报表、统计资料，年终提交决算。\n四、负责公司费用、销售成本及利润的核算，计提各类应交税金，办理纳税工作。\n伍、定期核对往来账款，及时清算应收应付款。\n六、 按照规定，定期（月、季、年）核对账目、结账、编制会计报表，并做到报表数字真实、计算准确、内容完整、说明清楚。\n七、 按公司业务的需要，有计划地合理使用资金，随时进行控制，向管理人员提供资金执行情况的分析和考核，以利于公司决策人员采纳分析！\n职位要求：\n1-2年财务或会计工作经验，持有会计证，遵守职业道德，做到坚持原则、实事求是、一丝不苟。\n工作时间：做五休二 9:00-17:30','1-2年','中专','     五险一金   话补   饭补   交通补助   周末双休     '),(111,NULL,'6000-12000',' 长宁 ',NULL,'业务员（电瓶车）','其他职位',NULL,NULL,'','不限','不限','     话补   加班补助   交通补助   周末双休    '),(112,NULL,'5000-8000',' 川沙 ',NULL,'汽车美容5-8千+包吃住','汽车美容',NULL,NULL,'','1-2年','不限','     五险一金   包吃   包住   饭补    '),(113,NULL,'3000-5000',' 浦东 ',NULL,'保安+做五休二','保安',NULL,NULL,'1、年龄20-40周岁，身高173厘米以上，无近视，无纹身，无犯罪记录；\n2、有过保安工作经验，身体健康，无疾病史。\n3、退伍军人及有保安证者优先考虑；\n注：保安公司直招，不收取任何费用。\n工作地点：中山公园地铁站附近','不限','不限','     包吃   加班补助    '),(114,NULL,'10000-15000',' 七宝 ',NULL,'驾驶员全新电车底薪+分成','商务司机',NULL,NULL,'1、年龄20-40周岁，身高173厘米以上，无近视，无纹身，无犯罪记录；\n2、有过保安工作经验，身体健康，无疾病史。\n3、退伍军人及有保安证者优先考虑；\n注：保安公司直招，不收取任何费用。\n工作地点：中山公园地铁站附近','不限','不限','     包住   包吃   年底双薪   五险一金   周末双休         '),(115,NULL,'8000-13000',' 洋泾 ',NULL,'提供吃住全上海诚招配送','快递员',NULL,NULL,'','不限','不限','     年底双薪   交通补助   加班补助    '),(116,NULL,'10000-20000',' 张庙 ',NULL,'招正规Y牌网约车驾驶员','商务司机',NULL,NULL,'','不限','不限','     五险一金   周末双休   交通补助    '),(117,NULL,'14000-18000',' 顾村 ',NULL,'网约车司机工资周结包住','商务司机',NULL,NULL,'','不限','不限','     包住   包吃   年底双薪   周末双休   五险一金    '),(118,NULL,'10000-15000',' 七宝 ',NULL,'司机底薪12K开新车包住','商务司机',NULL,NULL,'','不限','不限','     包住   周末双休   交通补助   房补   包吃         '),(119,NULL,'6000-12000',' 中山公园 ',NULL,'招成熟美容师无责保底6千','美容师',NULL,NULL,'注:请仔细阅读介绍。\n1. 岗位职责\n能够独立为客户做好项目咨询，护理，维护等一系列操\n作，开发会员；能够正确使用美容仪器，美容产品，皮\n肤管理；具有团队和谐相处精神，能够配合其他同事护\n理工作事宜；要有学习能力，需不定期考察专业知识，\n并提升自己职业能力；\n2. 职业发展\n晋升路线:美容师，高级美容师，店顾，店长，股东\n学习能力，实操能力优秀者可晋升储备店长\n2. 任职资格\n要求有一年以上美容工作经验，熟练仪器操作；形象好\n气质佳，24岁-30岁之间，女生；具有良好的沟通能力，善于\n表达交流，品性端正，积极乐观，有服务意识；具有上\n进心，责任心强，团队合作精神佳；\n3. 薪资待遇+培养计划\n一周适应期，有专人带领，快速上手后即可分配新老顾客，无须自己开发，保证一周分配不少于10个顾客，无须担心没有顾客。希望能尽快上升为高级美容师，参与店铺分红。\n薪资由底薪4000+提成+手工费+包住+奖励+年终奖励+国定节假日补贴；\n保底不会低于6000。\n4.工作时间（宿舍距离公司1站路）\n早班10:30-20:30\n晚班11:30-21:30\n做六休一(加班可调休)\n5.非诚勿扰','1-2年','不限','     包住   房补   交通补助   饭补   加班补助    '),(120,NULL,'8000-15000',' 陆家嘴 ',NULL,'月入过万骑手','送餐员',NULL,NULL,'注:请仔细阅读介绍。\n1. 岗位职责\n能够独立为客户做好项目咨询，护理，维护等一系列操\n作，开发会员；能够正确使用美容仪器，美容产品，皮\n肤管理；具有团队和谐相处精神，能够配合其他同事护\n理工作事宜；要有学习能力，需不定期考察专业知识，\n并提升自己职业能力；\n2. 职业发展\n晋升路线:美容师，高级美容师，店顾，店长，股东\n学习能力，实操能力优秀者可晋升储备店长\n2. 任职资格\n要求有一年以上美容工作经验，熟练仪器操作；形象好\n气质佳，24岁-30岁之间，女生；具有良好的沟通能力，善于\n表达交流，品性端正，积极乐观，有服务意识；具有上\n进心，责任心强，团队合作精神佳；\n3. 薪资待遇+培养计划\n一周适应期，有专人带领，快速上手后即可分配新老顾客，无须自己开发，保证一周分配不少于10个顾客，无须担心没有顾客。希望能尽快上升为高级美容师，参与店铺分红。\n薪资由底薪4000+提成+手工费+包住+奖励+年终奖励+国定节假日补贴；\n保底不会低于6000。\n4.工作时间（宿舍距离公司1站路）\n早班10:30-20:30\n晚班11:30-21:30\n做六休一(加班可调休)\n5.非诚勿扰','不限','不限',''),(121,NULL,'6000-8000',' 杨浦 ',NULL,'招室内设计培训+经验不限','室内装潢设计',NULL,NULL,'','不限','高中','    求职保障   五险一金   包住   包吃   年底双薪   周末双休         '),(122,NULL,'10000-15000',' 七宝 ',NULL,'网约车司机开新车包吃包住','商务司机',NULL,NULL,'','不限','不限','     包住   周末双休   交通补助   房补   包吃         '),(123,NULL,'5800-7600',' 上海 ',NULL,'在家工作二百每日好','淘宝客服',NULL,NULL,'','不限','不限','     五险一金   包吃   包住   年底双薪   房补      '),(124,NULL,'8000-12000',' 上海 ',NULL,'租金4500网约车司机','商务司机',NULL,NULL,'','不限','不限','     年底双薪   周末双休   交通补助   加班补助   饭补        '),(125,NULL,'12000-20000',' 上海 ',NULL,'网约车司机','商务司机',NULL,NULL,'','不限','不限','     年底双薪   周末双休   交通补助   加班补助   饭补         '),(126,NULL,'5000-6000',' 泗泾 ',NULL,'松江聘仓库高位叉车工电联','铲车/叉车工',NULL,NULL,'','1-2年','高中','     饭补   加班补助    '),(127,NULL,'5900-7100',' 上海 ',NULL,'急聘天猫淘宝客服','淘宝客服',NULL,NULL,'','不限','不限','     五险一金   包吃   包住   年底双薪   房补      '),(128,NULL,'8000-12000',' 漕河泾 ',NULL,'徐汇8千到1万招送餐员','送餐员',NULL,NULL,'','不限','不限','     饭补   话补   加班补助    '),(129,NULL,'7500-15000',' 普陀 ',NULL,'今日高薪急聘住家阿姨','保姆',NULL,NULL,'','不限','不限','     包吃   包住    '),(130,NULL,'5000-10000',' 康桥 ',NULL,'高薪急聘汽修5-10k','汽车修理工',NULL,NULL,'','3-5年','不限','     包吃   包住   饭补    '),(131,NULL,'6000-10000',' 浦江 ',NULL,'美容师和美体师','美容师',NULL,NULL,'美容师和美容顾问\n岗位职责：\n1、热情接待顾客，针对顾客的实际情况，推荐合适的护理、治疗方法及产品；\n2、运用美容技巧，对顾客进行美容美体服务；\n3、做好环境卫生维护工作；\n4、协助顾客办理相关手续，并做好销售登记工作；\n5、向客户提供美容方面的知识和建议，耐心解答客户提出的问题；\n6、注意仪容仪表和个人卫生。\n薪资待遇：保底6000，底薪3000+提成+手工，月收入8000以上；\n工作时间：做六休一。','不限','不限','     包住   包吃    '),(132,NULL,'10000-15000',' 七宝 ',NULL,'网约车司机底薪加分成包住','商务司机',NULL,NULL,'美容师和美容顾问\n岗位职责：\n1、热情接待顾客，针对顾客的实际情况，推荐合适的护理、治疗方法及产品；\n2、运用美容技巧，对顾客进行美容美体服务；\n3、做好环境卫生维护工作；\n4、协助顾客办理相关手续，并做好销售登记工作；\n5、向客户提供美容方面的知识和建议，耐心解答客户提出的问题；\n6、注意仪容仪表和个人卫生。\n薪资待遇：保底6000，底薪3000+提成+手工，月收入8000以上；\n工作时间：做六休一。','不限','不限','     包住   包吃   年底双薪   五险一金   周末双休         '),(133,NULL,'6000-12000',' 李子园 ',NULL,'上海各区域全职送餐员','送餐员',NULL,NULL,' 工作内容：配送餐 外卖职位要求：一、招聘岗位上海各区域全职送餐员。二、年龄18—45周岁三、入职条件1.无案底，无征信黑户网贷及支付宝有严重逾期。2.会骑电动车，会使用智能手机。3.有一定的生活费。4.工作态度端正，服从上级工作安排。5.需要提前办理健康证。四、薪资待遇薪资结构：1、基础工资+福利待遇，基本单价（6—9元/单，根据区域定义）×单量=基础工资，提倡多劳多得。2、福利待遇：（根据实际工作表现享受）：全勤奖（200元—300元），优秀员工奖励（100元—500元），等级奖励（0.2元—1元/单），恶劣天气补贴（1元/单），距离补贴（4公里以上开始补贴1—10元/单）大额订单补贴（400元以上补贴2—10元/单）重量补贴（5kg以上1—10元/单）周奖励（100元-300元），夏季战役奖励（2000元—4800元），年底冬季战役奖励（2000元—5600元），春节值班奖励（2000元-5000元）。3、住宿由公司提供，费用（600—800元/月，根据实际工作区域判定）从工资扣除。4、交通工具电瓶车公司推荐实力车行供骑手选择，599元/月，随时换电无需充电，24小时不断电。提高工作效率。5、骑手跑单满15天，可通过站长向公司申请预支生活费用（额度根据实际跑单总金额，预支不超过总金额30%）。                  正常干6000—8000元！                努力干8000—15000元！                拼命干15000元以上！工作时间：不限 弹性工作 ','不限','不限','     包住    '),(134,NULL,'面议',' 唐镇 ',NULL,'小提琴老师','音乐/美术教师',NULL,NULL,' 工作内容：配送餐 外卖职位要求：一、招聘岗位上海各区域全职送餐员。二、年龄18—45周岁三、入职条件1.无案底，无征信黑户网贷及支付宝有严重逾期。2.会骑电动车，会使用智能手机。3.有一定的生活费。4.工作态度端正，服从上级工作安排。5.需要提前办理健康证。四、薪资待遇薪资结构：1、基础工资+福利待遇，基本单价（6—9元/单，根据区域定义）×单量=基础工资，提倡多劳多得。2、福利待遇：（根据实际工作表现享受）：全勤奖（200元—300元），优秀员工奖励（100元—500元），等级奖励（0.2元—1元/单），恶劣天气补贴（1元/单），距离补贴（4公里以上开始补贴1—10元/单）大额订单补贴（400元以上补贴2—10元/单）重量补贴（5kg以上1—10元/单）周奖励（100元-300元），夏季战役奖励（2000元—4800元），年底冬季战役奖励（2000元—5600元），春节值班奖励（2000元-5000元）。3、住宿由公司提供，费用（600—800元/月，根据实际工作区域判定）从工资扣除。4、交通工具电瓶车公司推荐实力车行供骑手选择，599元/月，随时换电无需充电，24小时不断电。提高工作效率。5、骑手跑单满15天，可通过站长向公司申请预支生活费用（额度根据实际跑单总金额，预支不超过总金额30%）。                  正常干6000—8000元！                努力干8000—15000元！                拼命干15000元以上！工作时间：不限 弹性工作 ','3-5年','本科',''),(135,NULL,'4500-5000',' 龙华 ',NULL,'五险一金聘理货员','分拣员',NULL,NULL,'工作内容：药品的分类整理、加货理货\n职位要求：初中文化，吃苦耐劳，服从领导安排、家住宛平南路附近\n工作时间：做六休一，早八晚五\n年龄：30-55岁','不限','不限','     五险一金   包吃    '),(136,NULL,'5000-6000',' 杨浦 ',NULL,'幼儿园保健老师','保健医生',NULL,NULL,'工作内容：药品的分类整理、加货理货\n职位要求：初中文化，吃苦耐劳，服从领导安排、家住宛平南路附近\n工作时间：做六休一，早八晚五\n年龄：30-55岁','1-2年','大专','     五险一金   包住   周末双休   包吃   加班补助     '),(137,NULL,'5000-9000',' 虹口 ',NULL,'学QT--做游戏制作双休','嵌入式软件开发',NULL,NULL,'','不限','大专','    求职保障   五险一金   年底双薪   周末双休   交通补助   加班补助       '),(138,NULL,'8000-16000',' 嘉定周边 ',NULL,'零押金购##租新能货车','货运司机',NULL,NULL,'','不限','不限','     年底双薪   周末双休   交通补助   加班补助    '),(139,NULL,'8000-13000',' 老西门 ',NULL,'好好做月入过万配送员','快递员',NULL,NULL,'','不限','不限','     年底双薪   交通补助   加班补助    '),(140,NULL,'10000-20000',' 青浦 ',NULL,'大虹桥较强团队直聘精英','房产经纪人',NULL,NULL,'','不限','不限','     五险一金    '),(141,NULL,'8000-15000',' 嘉定城区 ',NULL,'销售代表','销售代表',NULL,NULL,'','不限','不限','     周末双休    '),(142,NULL,'8000-15000',' 普陀周边 ',NULL,'长寿武宁光新有车住就近干','送餐员',NULL,NULL,'','不限','不限','     包住   周末双休   交通补助   加班补助   话补    '),(143,NULL,'8000-14000',' 龙柏金汇 ',NULL,'万象城有车住-可预支','送餐员',NULL,NULL,'','不限','不限','     包住   周末双休   加班补助   话补   交通补助    '),(144,NULL,'10000-16000',' 大华 ',NULL,'我想要的是爱挣钱的你','送餐员',NULL,NULL,'','不限','不限','     五险一金   包吃   包住   周末双休   年底双薪         '),(145,NULL,'6000-12000',' 杨行 ',NULL,'只缺5名男生+住宿环境好','其他职位',NULL,NULL,'','不限','不限','     五险一金   包住   年底双薪    '),(146,NULL,'6000-8000',' 杨浦 ',NULL,'招零基础网页设计培训生','淘宝客服',NULL,NULL,'','不限','高中','    求职保障   五险一金   包住   包吃   年底双薪   周末双休         '),(147,NULL,'6000-10000',' 徐汇周边 ',NULL,'收派员（龙华）','快递员',NULL,NULL,'','不限','不限',''),(148,NULL,'8000-16000',' 闵行 ',NULL,'房产销售高提成8K起','电话销售',NULL,NULL,'','不限','大专','     房补   五险一金   话补   包住    '),(149,NULL,'7000-10000',' 南京西路 ',NULL,'五险一金女装店长','店长/卖场经理',NULL,NULL,'','3-5年','不限','     五险一金    '),(150,NULL,'6000-10000',' 北蔡 ',NULL,'首月包住快递员配送提供车','快递员',NULL,NULL,'【招聘岗位】： 配送员/快递员/送餐员，可就近分配\n【薪资架构】：\n距离定价，每月有冲单奖励，工资上不封顶，综合6000起\n【上班时间】：\n7:00-22:00排班制，做六休一（调休）\n【工作内容】：\n配送蔬菜水果，零食饮料，生鲜熟食等物品\n【任职资格】：\n1、工作踏实，品行端正，能吃苦耐劳\n2、熟练驾驶电动车，有良好的交通安全意识\n3、熟练使用智能手机，会使用手机导航功能\n注：\n1、电瓶车，两块备用电池，雨衣，工服，头盔等配送装备统一配置。\n2、丰富的员工关怀+员工文化活动','不限','不限','     加班补助    '),(151,NULL,'8000-10000',' 南京东路 ',NULL,'电联+诚聘纹绣师包吃住','形象设计师',NULL,NULL,' 欢迎有意者直接电话联系工作内容：1.维护客户，了解客户需求                 2.开发新客户，满足客户需求职位要求：有一定的经验者优先 ','1-2年','不限','     包吃   包住    '),(152,NULL,'8000-12000',' 嘉定 ',NULL,'招聘送餐员配车包食宿','送餐员',NULL,NULL,'','不限','不限',''),(153,NULL,'7000-9000',' 龙柏金汇 ',NULL,'急聘配送骑手8k+','快递员',NULL,NULL,'全国大型连锁新零售业超市，现大批量招聘社区合伙人，以电子围栏方式，实现区域配送与经营；经营范围：以超市为中心方圆3~5公里以内配送区域，在自己的经营区域内拓展客户，帮助用户配送到家\n岗位要求：\n1)男女不限，年龄在18-50岁之间\n2）会使用智能手机，微信，地图，会骑电动车，具备快速学习的能力\n3）性格开朗，容易相处，能吃苦耐劳，服从管理\n4）身体健康，无传染疾病无不良嗜好\n公司承诺：门店直招不收取任何费用，就近分店面试入职\n工作内容\n对超市已完成打包装箱的产品进行配送，要自带电动车。\n薪资待遇：6.3元/单，配有员工餐，月薪资在7000-9000左右。\n工作时间：早九晚八','不限','不限','     交通补助   饭补    '),(154,NULL,'10000-14000',' 七宝 ',NULL,'网络销售底薪8K高提成','网络销售',NULL,NULL,'','不限','本科','     五险一金   包住   房补   年底双薪    '),(155,NULL,'8500-16000',' 漕宝路站 ',NULL,'上海诚招送餐收入让人眼红','送餐员',NULL,NULL,'','不限','不限','     加班补助   年底双薪    '),(156,NULL,'8000-12000',' 控江路 ',NULL,'金融服务专员','金融服务经理',NULL,NULL,'岗位职责：\n1、 追踪服务公司提供到的客户资源\n2、了客户的需求并制定相应的方案\n3、进行客户的邀约、面访、签约、及后续的跟进\n4、为客户提供优质的综合金荣服务，促使二次成交\n任职要求：\na、20-50周岁，接受应届生\nb、良好的沟通及执行能力，有勇气挑战业绩目标\nc、工作积极主动，有责任感以及良好的职业素养\n薪资福利\n1、底薪5400+提成+奖金\n2、周末双休，法定节假日作息\n3、新员工享受入职培训、专业知识培训、营销技能培训，促使新人的持续提升\n4公司为优秀员工提供晋升空间（3月内提升）','不限','高中','     周末双休   年底双薪   话补   交通补助   饭补     '),(157,NULL,'7000-12000',' 漕宝路 ',NULL,'本科8k总部直招就近安排','电话销售',NULL,NULL,'','不限','本科','     房补   包住   包吃   年底双薪   话补         '),(158,NULL,'8000-12000',' 漕宝路 ',NULL,'8千送餐员+爆单+住宿','送餐员',NULL,NULL,'','不限','不限','     年底双薪   周末双休   交通补助   加班补助   饭补         '),(159,NULL,'6000-10000',' 江湾 ',NULL,'无经验要求化妆师助理学徒','其他职位',NULL,NULL,'','不限','不限','     年底双薪   包住   五险一金    '),(160,NULL,'8000-13000',' 川沙 ',NULL,'浦东就近安排送餐员有车住','送餐员',NULL,NULL,'','不限','不限','     包住   话补   房补    '),(161,NULL,'8000-12000',' 延长路 ',NULL,'直招外卖骑手+车无押金','送餐员',NULL,NULL,'','不限','不限','     年底双薪   周末双休   交通补助   加班补助   饭补         '),(162,NULL,'8000-16000',' 嘉定 ',NULL,'月薪过万直聘送餐员','送餐员',NULL,NULL,'','不限','不限','     包住   交通补助   加班补助   饭补   话补     '),(163,NULL,'8000-13000',' 川沙 ',NULL,'送餐员包住配车无押金','送餐员',NULL,NULL,'','不限','不限','     包住   话补   房补    '),(164,NULL,'8000-12000',' 诸翟 ',NULL,'单多+送餐员爆单+1w','送餐员',NULL,NULL,'','不限','不限','     年底双薪   周末双休   交通补助   加班补助   饭补         '),(165,NULL,'8000-12000',' 松江大… ',NULL,'储备店长-销售管培-带教','储备干部',NULL,NULL,'','不限','本科','     五险一金   包住   房补   年底双薪   交通补助        '),(166,NULL,'4400-4700',' 淮海中路 ',NULL,'招营业员8小时就近安排','店员/营业员',NULL,NULL,'招聘店员、营业员、收银员、理货员、打包员\n薪资福利】\n1、综合5000，两个月试用期，内部员工买商品5折（每个月限两件）\n2、一年两次年终奖，每次相当于半个月月薪（一年13薪资）\n3、试用期内底薪4100+300全勤奖；\n4、试用期后底薪4300+300全勤奖，\n主责：点餐收银，制作简餐，清洁服务\n要求：18-40周岁，无纹身，初中以上学历，普通话标准，接受轮班制，有上海健康证\n工作时间：做5休2，早班9：00 - 18：00，晚班13：00 - 22：00','不限','不限','     周末双休   年底双薪   交通补助   加班补助   话补        '),(167,NULL,'5800-7800',' 松江工… ',NULL,'浦东直聘普工18-38岁','普工',NULL,NULL,'职位描述\n华硕科技（上海）有限公司火热报名中，快乐工作，幸福生活！\n郑重声明《厂区招聘，绝无任何费用！请求职者谨慎以免上当受骗》\n短信报名方式：姓名+性别+身份证号码+报道日期发到下方联系，报名成功后会有公司招聘客服及时跟你联系！\n因厂内订单需求，现面向全国大量招聘:\n招聘岗位；普工，技工，助理；QC,质检，电脑维修，领班，组长，物料员等多岗位！\n声明：公司招聘无任何费用。在我处报名后，请勿在其他地方报名，以免系统冲突无法安排面试\n一、招聘条件\n1、年龄要求18-40周岁，初中以上会写26个英文字母2年制（含）以上中专、技校、职高、普高的在校学生；\n2、男性身高155cm以上，女性身高145cm以上，矫正视力均需0.4以上；\n3、认真学习、遵守企业规章制度，可尽快融入企业氛围；\n4、持有效身份证件(须为二代身份证原件，只有户籍证明或复印件不可以参加招聘)。\n二、薪资待遇薪资结构:基本工资+生产奖金+久任奖金+加班费=4900-6000元\n1、基本工资：2550元\n2、生产奖金：300-500每月由单位主管根据个人绩效表现评定发放\n3、久任奖金300-500到职一个月后加350元;\n4、加班费：(平时加班1.5倍/周末加班2倍/国定假日3倍)\n平时加班：21.98元/小时（1.5倍）\n周末加班：29.31元/小时（2.0倍)\n法定假日：43.96元/小时（3.0倍）\n5、夜班津贴9元/天\n6、年终奖金——每年春节前按当年工作绩效及整体贡献发放年终奖：2000—5000\n综合工资的高低取决于加班时数的多少，一般综合工资在,4900-6000元左右。\n三、福利待遇\n1、保险：公司依法为公司员工缴纳上海五险一金；\n2、休假：员工依法享受国家法定节假日、婚假、丧假、产假、带薪年休假等；\n3、贴心的福利：生日礼券、结婚礼金、生育津贴等；\n4、年度各项公司大型活动及丰富多样的社团活动：晚会、运动会、球类比赛、艺文表演；\n5、各项便利设施：室内篮(羽)球场、网吧、图书馆、韵律教室、便利商店、邮局、各式美食餐厅等。\n四、伙食住宿\n1、公司提供伙食补贴360元/月，当月未用金额在薪资中发放，超额自负。生活区内设有大型员工餐厅，可满足多样化的用餐需求；\n2、公司为员工提供宿舍，园区外及园区内宿舍皆采取小区式管理，配备宿舍管理员及安保。\n3、宿舍扣160元住宿费，包含水电费一系列的费用，所有宿舍均提供独立的冷暖空调，无线网等，二十四小时供应洗浴热水及饮用水。\n五、工作时间\n1、正常工作时间：每天8小时，每周5天；\n2、加班时间：平时每日加班不超过3小时，每周至少休息1天；\n3、公司执行白晚班两班制。\n六、入职流程\n由驻厂老师带队前往公司面试报到——录取信息——分发宿舍并放置行李——制作识别卡——新人培训——分发厂服及部门——部门岗前培训——正式上岗！','不限','不限','     包住   五险一金   包吃   年底双薪   周末双休         '),(168,NULL,'6000-12000',' 龙华 ',NULL,'站点爆单急需骑手聘送餐员','送餐员',NULL,NULL,'请看阅读清楚此招聘是公司直招送餐员：（全程没有一分费用）！中介勿扰！\n此岗位为我司全职直营站点招聘，电话初试，条件符合直接安排去找站长。\n配送岗位 送餐员 快递员 配送员 外卖员\n岗位职责：负责站长分配的区域内订单派送。\n任职要求：\n1，身体健康，道路熟悉（有同行经验,退伍兵优先）\n2，年龄45岁以下，有这方面经验优先录用。\nPS;无车人员：优先安排站点的车子，或者租车均可从工资里扣，\n工作时间：早10点到下午2点，晚4点到9点，没有单子下午非送餐高峰期，自由休息\n薪资福利：\n1.底薪3600+提成：\n2.“”保障线不低于4300，路线熟悉综合月薪全部在6000-10000以上！\n3.繁华市区单量多，工资自然更高，上不封顶多劳多得\n4.每月轮休3天。过年过节福利，国家法定假日3倍底薪。\n5.公司给缴纳保险，五险一金，户籍不限\n3、优秀骑手激励奖\n（1）单量王（月完成单量超过1000单）*名奖励300元，第二名奖励200元，第三名奖励100元\n（2）五星好评排名（月完成单量超700单） *名奖励300元，第二名奖励200元，第三名奖励100元\n公司目前提供住宿，和送餐电动车\n目前市区;陆家嘴 黄埔 徐家汇 静安寺 普陀 虹口仅可提供宿舍，\n提醒：此招聘长期有效，且上海有200+个站点，ps就近缺人站点就近分配，目前金山 奉贤等区全满，其他区均有招聘站点?\n陆家嘴分部；北洋泾站世纪公园站塘桥站八佰伴站\n周浦分部；周浦站康桥站浦江站陈行站惠南站\n三林分部；世博园站成山路站三林站御桥站\n张江分部；唐镇站川沙站长泰站曹路站广兰路站王港站\n金桥分部；金桥站博兴站高桥站高行站航津站延长路站\n闸北分部；大宁站彭浦站大场站李子园站真如站大华站中海站灵石路站\n静安分部；静安站长寿路站江苏路站\n曹杨分部；风站环球港站天山站华漕站\n江桥分部；江桥站新泾站丰庄站真北站漕盈站夏阳湖站\n嘉定分部；南翔站陇南站安亭站嘉定东站古北站\n漕河泾分部；上师大站田林站华理站石龙站华泾站\n闵行分部；七莘路站七宝站九亭站漕河泾站龙柏站\n莘庄分部；奉贤站莘庄站南桥站都市站老闵行站西渡站梅陇站\n松江分部松江北站庙前街站开元站泗泾站华阳站金山南站金山北站\n虹口分部；曲阳路站四川北路站和平公园站平凉站江浦站\n宝山分部；共和站富锦站顾村站美兰湖站长江南路站江杨站吴淞站宝杨月浦站堡镇站崇明\n杨浦分部；五角场站中原站隆昌站江湾站\n徐家汇分部；徐家汇站衡山路站陕西南路站打浦桥站新天地站南市站人民广场站','不限','不限','     年底双薪   话补   加班补助   包住    '),(169,NULL,'8000-16000',' 金山 ',NULL,'招送餐员公司直招爆单季节','送餐员',NULL,NULL,'请看阅读清楚此招聘是公司直招送餐员：（全程没有一分费用）！中介勿扰！\n此岗位为我司全职直营站点招聘，电话初试，条件符合直接安排去找站长。\n配送岗位 送餐员 快递员 配送员 外卖员\n岗位职责：负责站长分配的区域内订单派送。\n任职要求：\n1，身体健康，道路熟悉（有同行经验,退伍兵优先）\n2，年龄45岁以下，有这方面经验优先录用。\nPS;无车人员：优先安排站点的车子，或者租车均可从工资里扣，\n工作时间：早10点到下午2点，晚4点到9点，没有单子下午非送餐高峰期，自由休息\n薪资福利：\n1.底薪3600+提成：\n2.“”保障线不低于4300，路线熟悉综合月薪全部在6000-10000以上！\n3.繁华市区单量多，工资自然更高，上不封顶多劳多得\n4.每月轮休3天。过年过节福利，国家法定假日3倍底薪。\n5.公司给缴纳保险，五险一金，户籍不限\n3、优秀骑手激励奖\n（1）单量王（月完成单量超过1000单）*名奖励300元，第二名奖励200元，第三名奖励100元\n（2）五星好评排名（月完成单量超700单） *名奖励300元，第二名奖励200元，第三名奖励100元\n公司目前提供住宿，和送餐电动车\n目前市区;陆家嘴 黄埔 徐家汇 静安寺 普陀 虹口仅可提供宿舍，\n提醒：此招聘长期有效，且上海有200+个站点，ps就近缺人站点就近分配，目前金山 奉贤等区全满，其他区均有招聘站点?\n陆家嘴分部；北洋泾站世纪公园站塘桥站八佰伴站\n周浦分部；周浦站康桥站浦江站陈行站惠南站\n三林分部；世博园站成山路站三林站御桥站\n张江分部；唐镇站川沙站长泰站曹路站广兰路站王港站\n金桥分部；金桥站博兴站高桥站高行站航津站延长路站\n闸北分部；大宁站彭浦站大场站李子园站真如站大华站中海站灵石路站\n静安分部；静安站长寿路站江苏路站\n曹杨分部；风站环球港站天山站华漕站\n江桥分部；江桥站新泾站丰庄站真北站漕盈站夏阳湖站\n嘉定分部；南翔站陇南站安亭站嘉定东站古北站\n漕河泾分部；上师大站田林站华理站石龙站华泾站\n闵行分部；七莘路站七宝站九亭站漕河泾站龙柏站\n莘庄分部；奉贤站莘庄站南桥站都市站老闵行站西渡站梅陇站\n松江分部松江北站庙前街站开元站泗泾站华阳站金山南站金山北站\n虹口分部；曲阳路站四川北路站和平公园站平凉站江浦站\n宝山分部；共和站富锦站顾村站美兰湖站长江南路站江杨站吴淞站宝杨月浦站堡镇站崇明\n杨浦分部；五角场站中原站隆昌站江湾站\n徐家汇分部；徐家汇站衡山路站陕西南路站打浦桥站新天地站南市站人民广场站','不限','不限','     包住   交通补助   加班补助   饭补   话补     '),(170,NULL,'12000-20000',' 九亭  ',NULL,'高薪招聘网约车司机','专车司机',NULL,NULL,'','不限','不限','     房补   交通补助   饭补   包吃   包住      '),(171,NULL,'6000-8000',' 浦东 ',NULL,'无经验UI设计学徒可培训','人事专员/助理',NULL,NULL,'','不限','高中','    求职保障   五险一金   包住   包吃   年底双薪   周末双休         '),(172,NULL,'5000-6000',' 长阳路 ',NULL,'上海金汇四季广场果切店员','店员/营业员',NULL,NULL,'工作内容：点单，洗水果，切水果、榨果汁。培训上岗，无经验可。\n职位要求：需要全职，长期稳定, 认真负责\n工作时间：做六休一，每天工作9小时, 早中晚班8-17, 11-20，13-22,不固定班次\n需要有健康证。','不限','不限','     房补   饭补   加班补助   包住    '),(173,NULL,'12000-15000',' 九亭  ',NULL,'无押金C1网约车司机包油','商务司机',NULL,NULL,'','不限','不限','     饭补   加班补助   五险一金   包住   包吃         '),(174,NULL,'6000-12000',' 曹杨 ',NULL,'送餐骑手天天爆单提供车住','送餐员',NULL,NULL,'站点旁边的商圈（商圈指餐饮娱乐成熟地带）内，系统派单给骑手，骑手根据系统内的导航路线去商家拿餐送到客户手里，很简单易操作，公司统一面试培训，刚入职员工有老骑手带领熟悉路线（一周后就是老员工）\n骑手有车自带，没有的公司协助租车 面试成功 当天上班 无需费用\n薪资：基本工资+单量提成+福利津贴+保险，新手一般前期6000-8000一个月，综合8000-12000元/月，工作时间：每天上午10点到晚上10点，其它时间也可自由跑单。\n晋升渠道：骑手——组长——副站长——站长——区域经理\n岗位职责：\n1、及时接收客户外卖订单；\n2、准时配送客户外卖订单；\n3、系统自动派单，不存在人为操作，日均30-50单。\n任职要求：\n1、18-45岁内，男女不限，身体健康，无不良嗜好，无前科！\n2、经验不限，学历不限，赚钱欲望强！\n3、能熟练操作智 能手机；\n4、能识别操作手机导航（不熟悉路线，外卖软 件自带导航）。\n5入职会有老骑手带领，有组织，不迷路。','不限','不限','     包住   年底双薪   交通补助   加班补助    '),(175,NULL,'8000-13000',' 洞泾  ',NULL,'洞泾爆单直招骑手有车住','送餐员',NULL,NULL,'','不限','不限','     饭补   话补   房补   交通补助   加班补助    '),(176,NULL,'5000-7000',' 浦江 ',NULL,'公司直聘邀约客服5-8k','电话客服',NULL,NULL,'岗位职责\n本公司直招，有意向者可直接电话联系！！\n1. 纯电话客服，无销售性质\n2.根据公司提供的资源，筛选意向客户；\n3. 良好的工作执行力，严格按规范及流程进行工作或相关操作。\n任职要求\n1.普通话标准，沟通表达能力佳；\n2.有客服经验优先，\n3.勤奋敬业、责任心强\n4.有良好的服务意识，工作耐心细致;\n5.有团队协作精神，具有电脑使用能力。\n6.欢迎应届毕业生（免费带薪培训）；\n7.熟悉电话销售或客户服务的业务模式，有电话销售 客服经验者优先；\n8.年龄18~32（男女不限）有无经验均可，可接受应届生；','不限','高中','     加班补助   年底双薪   话补    '),(177,NULL,'4300-5000',' 莘庄 ',NULL,'急聘服务员+包吃住','服务员',NULL,NULL,'','不限','不限','     包吃   包住   加班补助    '),(178,NULL,'10000-14000',' 中山公园 ',NULL,'总部直招置业顾问供住所','置业顾问',NULL,NULL,'','不限','大专','     房补   五险一金   包住    '),(179,NULL,'8500-16000',' 提篮桥 ',NULL,'送餐员简单自由不累9k+','送餐员',NULL,NULL,'','不限','不限','     加班补助   年底双薪   包住    '),(180,NULL,'4200-5500',' 嘉定周边 ',NULL,'嘉定网红茶饮店营业员5千','店员/营业员',NULL,NULL,'','不限','不限','     饭补   加班补助   房补    '),(181,NULL,'8000-12000',' 田林 ',NULL,'裕德路急招驻店配送员','快递员',NULL,NULL,'','不限','不限',''),(182,NULL,'4000-6000',' 嘉定周边 ',NULL,'甜品学徒5千','学徒',NULL,NULL,'','不限','不限','     饭补   加班补助   房补    '),(183,NULL,'8470-14120',' 静安 ',NULL,'高薪双休有车有住','送餐员',NULL,NULL,'','不限','不限','     加班补助   交通补助   房补   年底双薪    '),(184,NULL,'5700-7800',' 上海 ',NULL,'在家工作二百每日','文员',NULL,NULL,'','不限','不限','     五险一金   包吃   包住   年底双薪   房补      '),(185,NULL,'8000-13000',' 上海南站 ',NULL,'诚聘送餐员钱包月月鼓','送餐员',NULL,NULL,'','不限','不限','     加班补助   周末双休   交通补助   年底双薪    '),(186,NULL,'8500-12000',' 上海南站 ',NULL,'徐汇销售退伍8k保18月','其他职位',NULL,NULL,'','不限','大专','     五险一金   房补   年底双薪    '),(187,NULL,'8000-12000',' 新江湾城 ',NULL,'新江湾城急招驻店配送员','快递员',NULL,NULL,'','不限','不限',''),(188,NULL,'6000-10000',' 宝山 ',NULL,'客服销售','汽车销售',NULL,NULL,' 运营交付专员（电话销售）岗位职责：1、通过电话、微信等线上方式维护和开发客户；2、精准把握客户需求，与客户深入交流、沟通以促成合作；3、熟悉公司产品、业务模式，有效解决客户售前、售后的咨询、疑问，快速响应，提高客户满意度。岗位需求：1、至少1年工作经验，有销售/电话销售/水产行业经验优先；2、会使用Word、Excel的基本操作；3、善于沟通，具备良好的电话礼仪，使用普通话；4、积极主动，具备良好的自我驱动力和一定的抗压能力。薪酬及其他：做六休一底薪：5000提成：每激活一个新客下单，奖50；（例：50*2*30=3000元）          每日要求20个有效电话（90s），额外每增加一个奖2元，新老客户都算；（例：（40-20）*2*30=1200元）          维护的所有客户月流水（=30W)，奖千分之三/四/五。          根据实际客户的留存率与目标留存率的差异，总奖金计80%~120%。 ','不限','不限','     五险一金    '),(189,NULL,'14000-18000',' 九亭  ',NULL,'司机1W1底薪+提成包住','销售代表',NULL,NULL,'','不限','不限','     周末双休   包吃   包住   五险一金   年底双薪         '),(190,NULL,'4000-6000',' 松江 ',NULL,'新松江路甜品店员','店员/营业员',NULL,NULL,'','不限','不限','     加班补助   饭补   房补    '),(191,NULL,'6000-8000',' 浦东 ',NULL,'美工设计培训学徒可无基础','淘宝美工',NULL,NULL,'','不限','高中','    求职保障   五险一金   包住   包吃   年底双薪   周末双休         '),(192,NULL,'7000-13000',' 黄浦周边 ',NULL,'超市配送+提供车首月包住','送餐员',NULL,NULL,'生鲜超市配送员 男女不限\n【薪资结构】白班O2O每单4--6元/单\n【绩效奖励】每月阶梯性绩效奖、满1000奖励800，满1200单奖励1200，满1500单奖励1500。\n好评奖每单0.5元。\n每月等级奖励650。\n恶劣天气或者特别忙的时候，系统不定时有额外的奖励。\n每天单量充足，平均每天40-100单\n【月综合工资】7000-13000元，公司为员工提供电动车头盔雨衣衣护膝等（不收押金，不扣费用），不包吃住\n【配送区域】以站点为中心方圆3-5公里内（一次可携带3-8 单， 平均需40分钟返回站点再次接单，不抢单（手机app排队 系统自动派单模式）\n【岗位要求】有无经验均可\n门店：公司提供电动车配两组电瓶','不限','不限',''),(193,NULL,'4200-4700',' 漕泾 ',NULL,'急招叉车工+五险','铲车/叉车工',NULL,NULL,'岗位职责：\n1、负责叉车、铲车的正常运行；\n2、完成上级临时交办的任务\n任职资格：\n1、有叉车、铲车驾驶操作经验，有叉车证；能开高位叉车优先。\n2、身体健康、责任心强，能适应倒班、加班；\n4、无不良纪录，工作积极主动。\n5、49岁以下。\n工作时间：\n车间流水线生产工作，操作简单','1-2年','不限','     五险一金   加班补助    '),(194,NULL,'5000-10000',' 康桥 ',NULL,'高薪诚聘招聘专员','招聘专员/助理',NULL,NULL,'招聘职位：招聘助理\n1.工作内容：公司提供资源，主要负责网络招聘，每天在58、赶集网、发布招聘信息，接听求职者咨询电话，对投递的简历进行筛选，邀约面试等等，有无经验均可，有人培训。\n2.招聘要求：\n1、18--35岁。\n2、五官端正，服从管理；\n3、会基本的办公软件，具有一定的销售能力；\n4、性格开朗大方，会与人很好的交流，具有一定的亲和力；\n5、具有良好的沟通能力和团队合作精神，工作认真负责，积极上进。\n3.薪资福利：\n底薪+绩效+提成综合工资5000－15000元不等\n工作地点:浦东康桥','不限','不限','    求职保障   饭补   房补   包住    '),(195,NULL,'8000-14000',' 淞南 ',NULL,'宝山淞南六季地产直招无责5K…','销售代表',NULL,NULL,'工作内容：工作内容：\n职位要求：\n工作时间：工作内容：任职要求：\n1、有无经验均可 （我们只看你是否有意愿）\n2、学历不是你的硬指标 （我们只看能力，只认付出）\n3、有良好的服务意识、综合素质 （有服务行业经验者更加适合）\n4、能吃苦耐劳、有强烈的企图心 （目标需要靠自己的付出去实现）\n5、退伍军人优先考虑 （团队合作与毅力，是我们较看重的精神）\n6、应届生一视同仁 （我们会是你融入社会，学习成长的优秀平台）\n【薪资待遇】\n保障底薪：新人保底薪酬6500元/月，每3个月即可晋升调薪;\n佣金提成：较高达45%税前提成收入（业绩优秀销售员可获得月收入20000以上，上不封顶）；\n专业培训：全面房产业务知识培训(房地产法规，交易按揭流程，营销实战技巧等；\n晋升通道：完善的职业晋升计划及空间（置业顾问 营业主任 分行经理 高级经理 区域总监）；\n职位要求：\n工作时间：','不限','不限','     五险一金   包住    '),(196,NULL,'4200-4500',' 潍坊新村 ',NULL,'招聘火锅切配包吃住','配菜/打荷',NULL,NULL,'职位要求：46岁以下\n1.切配底薪工资4000-4500元/月，月休息四天，宿舍有无线网，洗衣机，空调，24小时热水。\n2.上班时间9:30-14:00. 16:00-21:30.中午轮流值班，晚上不用值班，有专门上夜班的\n3.刀功要求好，会片腰片、黑鱼片（蝴蝶片）工资4500，负责切菜、刨肉，抓菜，熟悉各种原材料保管加工。\n4.有火锅经验相关工作经验1-2年，不招聘学徒。','1-2年','不限','     包吃   包住    '),(197,NULL,'5000-8000',' 三林 ',NULL,'急招APP推广员、高薪聘','销售代表',NULL,NULL,'','不限','不限','     加班补助   交通补助   五险一金    '),(198,NULL,'5500-6500',' 华新 ',NULL,'物流园急需分拣8小时','分拣员',NULL,NULL,'','不限','不限','     年底双薪   饭补   话补   房补   加班补助        '),(199,NULL,'15000-16000',' 控江路 ',NULL,'无需高颜值网拍模特可新人','礼仪/迎宾',NULL,NULL,'','1年以下','不限','     五险一金   包吃   年底双薪   周末双休   交通补助        '),(200,NULL,'13000-25000',' 顾村 ',NULL,'一万二包住招自营司机','快递员',NULL,NULL,'','不限','不限','    求职保障   包住   饭补   房补   加班补助   五险一金    '),(201,NULL,'5000-8000',' 江桥 ',NULL,'诚聘招聘专员包吃住','招聘专员/助理',NULL,NULL,' 负责整理档案资料、协助经理处理日常事务 ','不限','不限','     包吃   包住    '),(202,NULL,'6000-9000',' 桃浦 ',NULL,'普陀大仓诚聘分拣员6k+','分拣员',NULL,NULL,'','不限','不限','     年底双薪   加班补助    '),(203,NULL,'8000-15000',' 金桥 ',NULL,'商务司机','商务司机',NULL,NULL,'','1-2年','高中','     房补    '),(204,NULL,'8000-14000',' 金山周边 ',NULL,'招送餐员月入1万+住','送餐员',NULL,NULL,'','不限','不限','     交通补助   加班补助   包住   房补   五险一金         '),(205,NULL,'9000-15000',' 南桥 ',NULL,'高薪招聘司机','商务司机',NULL,NULL,'','不限','不限','     包吃   包住   年底双薪   房补   饭补    '),(206,NULL,'面议',' 田林 ',NULL,'诚聘日韩餐厨师长','厨师/厨师长',NULL,NULL,'任职资格：\n1、年龄28-45岁，高中以上学历，身体健康、精力充沛，5年日韩餐厅厨师长工作经验；\n2、具有强烈的责任心，勇于开拓和创新，作风干练；\n3、拥有较高的烹饪技术，了解和熟悉食品材料的产地、规格、质量、一般进货价\n4、对成本控制管理、食品营养学、厨房的设备知识拥有相当的基础。','3-5年','不限','     包住   包吃   年底双薪   五险一金    '),(207,NULL,'4500-7500',' 张庙 ',NULL,'6K+急招暑假工','区域销售',NULL,NULL,'','不限','不限','     加班补助    '),(208,NULL,'8000-12000',' 浦东 ',NULL,'曹路急聘按摩师8k包吃住','按摩师',NULL,NULL,'有意者请电话联系\n上海市浦东新区曹路镇新都养生道场是一家地理位置优越，四周休闲娱乐配套十分完善，本会所待遇好、工资高，欢迎各位求职者前来考察，真诚希望您加入我们的团队。\n本公司长年招聘足疗技师、按摩技师、采耳技师。\n企业理念：传承世家精髓，不忘足上功德，结合现代医学，弘扬修脚文化\n管理理念：高效 节约 细节 人性\n服务理念：微笑 温馨 谦恭专业\n产品理念：品质健康时尚\n要求：\n1、五官端正、亲切热情、身体健康、服从管理、\n2、年龄在35岁以下。\n3、薪资保底8000-10000 具体工资面谈。','不限','不限','     包吃   包住    '),(209,NULL,'7000-13000',' 江湾 ',NULL,'全职暑期工送餐员年满18','送餐员',NULL,NULL,'','不限','不限','     五险一金   包住   包吃   年底双薪   周末双休         '),(210,NULL,'8000-10000',' 杨思 ',NULL,'高薪急聘拉新推广人员','销售代表',NULL,NULL,'','不限','不限','     五险一金   年底双薪   加班补助   交通补助   饭补    '),(211,NULL,'8000-12000',' 杨浦 ',NULL,'APP拉新','销售代表',NULL,NULL,'','不限','不限','     交通补助   饭补    '),(212,NULL,'6000-9000',' 杨浦 ',NULL,'杨浦生鲜诚招店员月八千起','店员/营业员',NULL,NULL,'','不限','不限','     年底双薪   加班补助    '),(213,NULL,'6500-12000',' 北京 ',NULL,'星宝生鲜店聘店员6k+','分拣员',NULL,NULL,'','不限','不限','     交通补助   加班补助   年底双薪    '),(214,NULL,'6000-7000',' 书院 ',NULL,'普陀招聘长期小时工','分拣员',NULL,NULL,'','不限','不限','     加班补助   年底双薪    '),(215,NULL,'6000-8000',' 桃浦 ',NULL,'生鲜大品牌诚聘分拣员数名','分拣员',NULL,NULL,'','不限','不限','     加班补助   年底双薪   饭补   五险一金    '),(216,NULL,'6000-8000',' 普陀 ',NULL,'诚招分拣员8k小时工','分拣员',NULL,NULL,'','不限','不限','     加班补助    '),(217,NULL,'12000-18000',' 宝山 ',NULL,'正规SPA1W~2W','按摩师',NULL,NULL,'由于工作繁忙,简历可能无法及时查看,请尽量电话沟通,谢谢。\n任职要求:\n1、形象良好,女性,五官端正;，18-30岁;\n2、优秀者可放宽条件\n福利:包吃住,吃住条件良好。公司对员工非常看重,每月有团建活动，并设立加钟奖,点钟奖,超额奖,名次奖。\n岗位职责:\n1、公司提供包吃住等福利。\n2、提供高质量的身体按摩或足疗服务\n3、要求有无经验均可,形象好,气质佳,五官端正,在18到30岁之间;\n4、具有亲和力和团队精神,有上进心;','不限','不限','     包吃   包住    '),(218,NULL,'6000-8000',' 中远两… ',NULL,'生鲜大仓诚聘分拣打包','分拣员',NULL,NULL,'','不限','不限','     年底双薪    '),(219,NULL,'面议',' 淞南 ',NULL,'急招汽车上牌员有经验','4S店管理',NULL,NULL,' 有熟练汽车上牌工作经验的，薪资待遇优厚，学历不限，有驾照，有经验即可 ','1-2年','不限','     五险一金   饭补   年底双薪   周末双休   加班补助    '),(220,NULL,'16000-20000',' 上海 ',NULL,'直招c1货运司机一0押金','货运司机',NULL,NULL,'','不限','不限','     五险一金   包吃   交通补助   饭补   加班补助         '),(221,NULL,'5000-5500',' 静安 ',NULL,'酒店水电工','综合维修工',NULL,NULL,'','1-2年','不限','     包吃   包住   五险一金    '),(222,NULL,'10000-20000',' 松江新城 ',NULL,'高薪急聘spa按摩师','按摩师',NULL,NULL,'1、女足浴技师20名，保底1000元，综合月薪15000-30000元，要求:年龄18-35岁之间，五官端正，身体健康；\n2、女SPA技师保底15000元，综合月薪15000-30000元，要求：年龄18-28岁之间，形象气质佳/有一定的沟通和应变能力；\n3、女金牌养生师保底10000元，综合月薪15000-30000元，要求：年龄18-30岁之间，形象气质佳/有一定的沟通和应变能力；\n5、长期招女学员，年龄18-35岁之间，要求：五官端正，身体健康，能吃苦耐劳，积极上进，学成保底10000元；\n公司提供平台，能者上，你有资本我有平台，天高任鸟翔，海阔任鱼跃，加入富侨成就梦想！\n以上岗位一经录用包吃包住，免费提供床上用品，上班不用打水不用打扫卫生，有专职人员做。','不限','不限','     五险一金   包住   包吃   年底双薪   周末双休         '),(223,NULL,'8000-16000',' 宝山 ',NULL,'百万门店直招销售高薪高提','销售代表',NULL,NULL,'公司直招不收取任何费用，提供住宿，面试通过安排住宿，浦东曹路、宝山罗南就近分配，提供雄厚资源。\n时间自由+晋升快+提成高+手把手带教\n一：薪资待遇\n1、业务员有责底薪8000-10000元 超高提成（25%-50%）\n2、经理底薪7000+上海全额社保，经理提成：门店净业绩的30%\n二：隆宸福利\n1、不扣平台费用，不扣过户费，不扣网络费（双网，比如安居客、58、搜房等端口任你选），有多少拿多少，无虚假，绝对领先同行\n2、公司提供住宿，宿舍一应俱全，配套齐全。\n3、公司有培训和师傅手把手教，就算青铜努力肯学也可快速成为较强王者。\n4、 季度国内旅游(江浙沪.云南大理.三亚等等）年度（国外旅游）每个月聚餐、烧烤、 K 歌 、 爬山、采摘等、员工生日会。\n5、个人开单奖金，团队业绩*奖金\n三：工作时间\n1、早9:00-晚21:00\n2、做六休一\n四：职业要求\n1、年龄18-45（能力突出者放宽条件面议）学历、户籍不限。\n2、不需要工作经验，有经理和师傅手把手带教，公司定期专业培训。\n3、良好的语言表达能力。\n4、有销售经验者可优先。\n五：工作职责\n把房屋信息发布到房产网站上，如58同城、安居客.房多多以及我们的官网。 邀请客户来门店看房，做面对面沟通，了解客户需求。 带客户实地看房、谈价格，签合同\n六：工作地址\n上海宝山区：美安路352号、美康路770号、罗贤路45-3号、年吉路418号，罗南路595号。\n以上分店可就近安排\n欢迎有想法有梦想的人加入我们隆宸大家庭，有意者请微信或致电联系！！','不限','不限','     包住   交通补助   加班补助   话补   五险一金       '),(224,NULL,'5000-5500',' 四平路 ',NULL,'高薪--生鲜超市水产师傅','食品加工/处理',NULL,NULL,'工作内容：\n1.卖场鱼缸温度盐度等养殖情况。\n2.追踪线上拣货情况，根据拣货及时情况调整人员岗位。\n3.根据营业额趋势和当期变化参与与订货和货品协调。\n4.追踪水质和鱼缸过滤物清洗情况。\n5.水产品宰杀。\n6.日常盘点，分析损耗原因，及时解决及反馈。\n职位要求：\n1.有水产品相关经历。\n2.学习创新能力强，乐于接受变化和挑战。\n3.有大海鲜养殖和水产宰杀技能之一。\n4.了解水产品收货标准。','不限','不限','     五险一金    '),(225,NULL,'5000-8000',' 普陀 ',NULL,'幕墙、钢结构预算五险一金','幕墙工程师',NULL,NULL,'工作内容：\n1.卖场鱼缸温度盐度等养殖情况。\n2.追踪线上拣货情况，根据拣货及时情况调整人员岗位。\n3.根据营业额趋势和当期变化参与与订货和货品协调。\n4.追踪水质和鱼缸过滤物清洗情况。\n5.水产品宰杀。\n6.日常盘点，分析损耗原因，及时解决及反馈。\n职位要求：\n1.有水产品相关经历。\n2.学习创新能力强，乐于接受变化和挑战。\n3.有大海鲜养殖和水产宰杀技能之一。\n4.了解水产品收货标准。','不限','不限','     五险一金   周末双休   饭补    '),(226,NULL,'8000-9000',' 上海大学 ',NULL,'普工（小型模具浇灌）','普工',NULL,NULL,'急招：普工（小型模具浇灌）男30一60岁左右，身体健康，能吃苦耐劳，两班制，调休。\n1.工作岗位：半制动浇灌模具，修模具毛边等岗位。\n2：工资、福利待遇：保底4000元十全勤十绩效，综合工资8000一9000元。福利待遇和正式工一样。工作表现好，完成任务，年终奖金6000元以上\n3.包吃三餐，包住，每天有有大巴车、小车直达工厂\n工作地址：南通市吕四镇，，不在上海，介意勿投\n本项目：公司直招，直接报名上班','不限','不限','     包住   包吃    '),(227,NULL,'7500-14000',' 曹杨 ',NULL,'急聘送餐员外卖骑手爆单','送餐员',NULL,NULL,'急招：普工（小型模具浇灌）男30一60岁左右，身体健康，能吃苦耐劳，两班制，调休。\n1.工作岗位：半制动浇灌模具，修模具毛边等岗位。\n2：工资、福利待遇：保底4000元十全勤十绩效，综合工资8000一9000元。福利待遇和正式工一样。工作表现好，完成任务，年终奖金6000元以上\n3.包吃三餐，包住，每天有有大巴车、小车直达工厂\n工作地址：南通市吕四镇，，不在上海，介意勿投\n本项目：公司直招，直接报名上班','不限','不限','     年底双薪   交通补助   加班补助   话补    '),(228,NULL,'4500-5000',' 金桥 ',NULL,'售后客服做五休二提供住宿','电话销售',NULL,NULL,'','不限','不限','     五险一金   年底双薪   交通补助   饭补   房补     '),(229,NULL,'4000-6000',' 闵行 ',NULL,'闵行吴中路万象城招奶茶员','服务员',NULL,NULL,'','不限','不限','     饭补   加班补助   房补   包住    '),(230,NULL,'6000-10000',' 杨行 ',NULL,'单亲爸爸7K急招阿姨带娃','保姆',NULL,NULL,'','不限','不限','    求职保障   包住   包吃   五险一金   年底双薪   周末双休         '),(231,NULL,'9000-15000',' 三林 ',NULL,'直聘房产销售10K以上','房产经纪人',NULL,NULL,'','不限','不限','     包住   交通补助   加班补助   话补    '),(232,NULL,'8000-10000',' 上海 ',NULL,'书法老师8000元包住宿','家教',NULL,NULL,'薪资待遇：\n1、转正后*年平均工资8000元/月左右，有相应的课时费以及续课、推荐、试听奖金，逐年增加；\n2、包住，位于黄浦区陆家浜路；\n岗位职责：\n1、老师准时到学生家辅导或学生准时上门；\n2、在议定的范围内，保证授课进度。\n任职资格：\n1、普通话标准，相貌端庄，人品正直，能够因材施教，能够启发孩子的思维；\n2、热爱教育事业，具备良好的教师职业操守和服务意识，良好的沟通能力，做事态度积极，抗压能力强；\n3、有强烈责任感，良好的职业操守，诚信守时；\n4、硬笔楷书有很好的功底；\n5、不得从事任何其他全职工作；\n6、22-55岁，有教学经验者优先。\n工作时间：\n根据学校安排，淡季较轻松，旺季较辛苦','1-2年','大专','     包住   年底双薪    '),(233,NULL,'12000-16000',' 张江 ',NULL,'4.2厢货司机送家电','货运司机',NULL,NULL,'','不限','不限','     周末双休   交通补助   加班补助   饭补   话补     '),(234,NULL,'3500-4500',' 松江 ',NULL,'电话客服（暑期工）','电话客服',NULL,NULL,'工作内容：\n1、通过电话负责客户的回访工作\n2、接听客户来电，处理解决客户的咨询并给到正确和满意的回复\n3、具有良好的心理素质和团队合作精神\n职位要求：\n1、普通话标准，沟通表达能力佳\n2、熟练操作办公自动化设备及OFFICE软件\n工作时间：做六休一，9:00-18:00','不限','不限','     包住    '),(235,NULL,'6000-7000',' 华新 ',NULL,'瑞辛咖啡师29/小时学徒','咖啡师',NULL,NULL,'','不限','不限','     加班补助   饭补   房补   交通补助    '),(236,NULL,'5000-8000',' 惠南 ',NULL,'小学语数英老师提供住宿','小学老师',NULL,NULL,'1.辅导学生作业，给学生讲解错题及易考题；\n2.为孩子们准备针对性的练习题；\n3.与家长沟通孩子们当天的情况；\n4.了解和分析孩子们的学习习惯做好进一步的计划等；\n5.周末一对一和小班授课辅导；\n任职资格：\n1.有教师资格证优先；\n2.有经验者优先；\n3.能有较强的沟通能力；\n工作时间：做六休一','不限','本科','     五险一金   包吃   包住   年底双薪   房补        '),(237,NULL,'4500-6000',' 上南 ',NULL,'诚聘收银员+餐补','收银员',NULL,NULL,'','不限','不限','     饭补   年底双薪   加班补助   五险一金    '),(238,NULL,'5000-5500',' 上海 ',NULL,'物流专线直招叉车配载','铲车/叉车工',NULL,NULL,'本公司招聘为直招，由经理直接面试，不经过任何中介机构\n岗位职责：\n1、能独立带队装卸车，责任心要强，；\n2、负责叉车、铲车的正常运行，定期对车辆进行保养；\n3，要有物流专线的1-2年实际操作经验，\n任职资格：\n1、高中以上文化，有叉车、铲车驾驶操作经验，有叉铲车作业操作证；\n2、身体健康、责任心强，能吃苦耐劳，适应倒班、加班；','1-2年','不限','     包吃   饭补   包住    '),(239,NULL,'14000-28000',' 金桥 ',NULL,'招资深设计师高提成/包住','装修装潢设计',NULL,NULL,'高提成招优秀的设计师，详情请到本公司咨询。德才兼备的人才可以大胆过来应聘。工作年限必须3年以上，有成功的互联网经验，未来市场一定属于我们！\n任职资格：\n1、男女不限，25-45岁，3年以上知名装饰公司工作经验；必须有互联网业务经验！\n2、谈单、沟通、协调、设计能力极强，能带设计团队，多年主持样板房等室内设计者优先考虑。\n岗位职责：\n1、站在专业的角度，以客户需求为导向，与客户沟通，知道客户的想法，并用专业知识实现业主的居家梦想；\n2、制图的技能，合理的空间规划，色彩搭配等，CAD， 特别注意：酷家乐的必须熟练操作，酷家乐的必须熟练操作。\n3、材料的选用，在客户有限的预算里，选择较合适的材料，比较好的效果；\n4、沟通客户和公司的关系，了解公司运营模式，公司的报价及人工，有效的引导客户；\n5、工程期间和项目经理、工人之间有效交流，以便你的设计思路能被别人理解，能做出你所设计出来的作品；\n6、工程结束后，对客户出现的问题及时反馈公司，处理好问题，维护好关系，装修有时候做的就是回头客的生意。\n总之，站在公司的立场，设计师的职责，就是谈单！签单！再签单！不让公司的资源浪费，签单就是*的目标；站在客户的立场，较后给客户一个理想中的家。\n7.本公司阶梯式底薪，阶梯式提成，阶梯式助理，各种奖金，让您可以大展才华！年薪百万不是梦。\n工作时间： 做六休一，上班时间：8:30-17:30（时间会根据季节进行调整） 期待志同道合的你的加入！','3-5年','中专','     年底双薪   房补   话补   交通补助   饭补    '),(240,NULL,'8000-16000',' 控江路 ',NULL,'十万火急招演员/模特高薪','演员/模特',NULL,NULL,'','不限','不限','     五险一金   包吃   年底双薪   周末双休   交通补助         '),(241,NULL,'10000-20000',' 普陀 ',NULL,'高薪诚聘足疗师保8千起','足疗师',NULL,NULL,'','不限','不限','     包吃   包住    '),(242,NULL,'15000-28000',' 顾村 ',NULL,'1.2w直招司机提成另算','商务司机',NULL,NULL,'','不限','不限','    求职保障   包住   饭补   房补   加班补助   五险一金     '),(243,NULL,'6000-10000',' 上海 ',NULL,'虹口足球场店高薪招美甲师','美甲师',NULL,NULL,' 注：学徒年龄要求18-26周岁！！！任务要求：1.相貌端正、身体健康、能吃苦、有责任心、有服务意识、热爱美甲行业。2.善于沟通、服务态度及意识要好、具有团队合作意识。3.两年以上美甲美睫实际工作经验。工资待遇：1、底薪＋提成＋全勤奖＋年终奖。月薪8000元以上，不封顶，具体薪酬提成面谈。2、做六休一，工作满一年可享受带薪休假7天及外出旅游一次。3、工作满一年者、专业技术且管理能力优秀者，可提升为储备店长。4、凡工作优秀者均可以合伙入入股。工作时间：10小时制，做6休1营业时间：11:00-21:30工作地点： 虹口店：西江湾路169号                   宝山店：殷高西路555号                   淮海店：陕西南路19号                   浦东店： 东方路710号                   长宁店：遵义路127号 ','1-2年','不限','     包吃   包住   周末双休   年底双薪   房补        '),(244,NULL,'12000-24000',' 曹路 ',NULL,'Y牌网约车车型齐全来就提','专车司机',NULL,NULL,'','不限','不限','     五险一金   包吃   年底双薪   包住   周末双休         '),(245,NULL,'5000-10000',' 无锡 ',NULL,'中隆直招案场销售市场精英','置业顾问',NULL,NULL,'市场销售工作内容\n开拓以及维护中介及分销公司\n职位要求：\n（1）2年以上地产行业渠道经验，有相关渠道资源\n（2） 沟通能力强、外拓能力强，注重效率，有激情，有强烈的团队协作意识，主动工作意识强，执行力强，责任心高，能承受较大的工作压力和销售业绩要求。\n案场销售工作内容：\n（1） 案场日常客户的接待，咨询服务，促成业务成交\n（2） 协助客户进行认购签约及交房工作\n职位要求：\n(1) 必须有一年以上房地产相关项目销售经验\n(2) 务实，勤奋，能吃苦耐劳\n（3）乐观积极，有较强的责任心，上进心\n（4）有一定的抗压力时间：\n工作时间：上六休一','1-2年','高中','     包住   交通补助    '),(246,NULL,'6000-10000',' 七宝 ',NULL,'高端保洁员','保洁',NULL,NULL,'【岗位职责】：\n1、上门为公司的客户提供家庭保洁服务；\n2、听从工作安排，按质按量的完成所分配的任务；\n4、工作区域为黄浦、普陀、浦东、金桥、徐汇、杨浦、长宁，免费提供住宿\n【任职资格】：\n1、男女不限，男性30岁以内，女性45岁以内，年龄不符合要求，请勿投递简历！\n2、会使用手机微信，会骑电动车；\n3、身体健康，能吃苦耐劳\n【福利待遇】：\n（1）综合月薪：6000-10000元每月,每天8小时（没有夜班、不用加班），上午8:30-12:30，下午14:00-18:00，月休4-6天；\n免费配备工衣，工鞋，工具 ，有优厚的接单开卡提成，社保，商业保险，节假日福利、生日福利、团建福利，其他奖金，免费培训；','不限','不限','     五险一金   包住   房补    '),(247,NULL,'8000-10000',' 梅陇 ',NULL,'闵行招送餐员供车月入过万','送餐员',NULL,NULL,'','1年以下','中专','     交通补助   话补   房补   包住   年底双薪    '),(248,NULL,'5000-8000',' 松江 ',NULL,'招聘人事专员','人事专员/助理',NULL,NULL,' 招聘专员：以招聘为主，会电脑基本操作即可福利：五险一金、免费住宿、五天八小时 双休、享受国家法定节假日。 ','不限','不限','     五险一金   包住   年底双薪   周末双休   交通补助        '),(249,NULL,'8600-16000',' 虹桥 ',NULL,'送餐供车住免押金每天预支','送餐员',NULL,NULL,'','不限','不限','     年底双薪   加班补助    '),(250,NULL,'6500-12500',' 控江路 ',NULL,'演员/模特','礼仪/迎宾',NULL,NULL,'','不限','不限','     周末双休   交通补助   加班补助   饭补   话补         '),(251,NULL,'8000-15000',' 春申 ',NULL,'淘宝天猫网店美工','淘宝美工',NULL,NULL,'在线外包勿扰岗位\n在线外包勿扰岗位\n二年以上淘宝网店行业工作经验，美术设计、女鞋类等相关工作经验优先考虑；','不限','不限','    求职保障   '),(252,NULL,'5500-8000',' 康桥 ',NULL,'流水线当天入住入职+包进','普工',NULL,NULL,'【【薪资待遇】\n综合工资:新员工*个月保底【5500-6500】\n底薪：2550元 第二个月以后2630元\n全勤奖金：200元\n绩效奖金：400-800元\n岗位津贴：200-350元\n重点岗位奖：450元\n技能奖300-500元、每月由单位主管根据个人表现评定发放，\n年终奖金：3000-10000元\n夜班津贴：9元/天（可申请常白班/常夜班）\n中班津贴：6元/天\n加班费:正常工作时间(8小 时/日)以外的劳动时间均算加班时间。\n平时:21.98元/小时(1.5倍)\n双休日:29.31元/小时(2倍)\n国家法定日:43.96元/小时(3倍)\n【工作要求】\n年龄范围：18－40周岁\n其它要求：无纹身烟疤 ，无传染疾病，无犯罪记录\n学历要求：26个英文字母会读写\n【面试资料】\n1.二代身份证（临时身份证也可以）\n2.身份证正反面复印件6张，一寸彩色照片6张（没有的话厂区可以办理）\n3.行李，当天安排宿舍，需要住宿带上行李。\n【从事岗位】：\n普工、操作工、插件、安装、测试、QC/OC、贴标签、部门员工随机分配到物料、仓管、安检\n【工作描述】\n工作内容：主要从事生产笔记本电脑iphone苹果系列产品，如iphone成品，ipad迷你，新款廉价iphone等。\n工作时间：正常工作时间为5天8小时，公司执行白晚班两班制。\n加班时间：平时每日加班不超过3小时，每周至少休息1天，中间含吃饭休息一小时。\n工作环境：坐式工作，生产线上均有中央空调并且为恒温车间。\n【福利待遇】\n宿舍设有独立卫生间，住宿费全免，水电费平摊。每月补助300-400元餐补。\n生活区内设有大型员工餐厅，可满足多样化的用餐需求，早餐供应各类面点、蛋类、粥类，中餐和晚餐可选择四菜一汤（一大荤,一小荤，二素菜）。\n公司提供伙食补贴300-400元/月，每月打到员工卡上，一个月吃不完有剩余则在工资里发放。\n員工宿舍住宿免费，所有宿舍均提供独立的冷暖空调，二十四小时供应洗浴热水及饮用水。\n缴险标准：公司按法律要求为员工缴纳社会保险、商业保险。\n有薪假期：员工依法享受国家法定节假日、婚假、丧假、产假、带薪年休假等。\n年终奖金：每年春节前按当年度工作绩效及整体贡献发放年终奖。\n【入职流程】\n前往公司面试报到——录取信息——分发宿舍并放置行李——制作识别卡——新人培训——分发厂服及部门——部门岗前培训——正式上岗','不限','不限','     包住   包吃   五险一金   年底双薪   加班补助        '),(253,NULL,'6000-9000',' 曲阳 ',NULL,'曲阳百联店急聘分拣','分拣员',NULL,NULL,'','不限','不限','     年底双薪   加班补助   五险一金   饭补    '),(254,NULL,'5500-8000',' 康桥 ',NULL,'流水线+暑假工高薪+包进','普工',NULL,NULL,'【薪资待遇】\n综合工资:新员工*个月保底【5500-6500】\n底薪：2550元 第二个月以后2630元\n全勤奖金：200元\n绩效奖金：400-800元\n岗位津贴：200-350元\n重点岗位奖：450元\n技能奖300-500元、每月由单位主管根据个人表现评定发放，\n年终奖金：3000-10000元\n夜班津贴：9元/天（可申请常白班/常夜班）\n中班津贴：6元/天\n加班费:正常工作时间(8小 时/日)以外的劳动时间均算加班时间。\n平时:21.98元/小时(1.5倍)\n双休日:29.31元/小时(2倍)\n国家法定日:43.96元/小时(3倍)\n【工作要求】\n年龄范围：18－40周岁\n其它要求：无纹身烟疤 ，无传染疾病，无犯罪记录\n学历要求：26个英文字母会读写\n【面试资料】\n1.二代身份证（临时身份证也可以）\n2.身份证正反面复印件6张，一寸彩色照片6张（没有的话厂区可以办理）\n3.行李，当天安排宿舍，需要住宿带上行李。\n【从事岗位】：\n普工、操作工、插件、安装、测试、QC/OC、贴标签、部门员工随机分配到物料、仓管、安检\n【工作描述】\n工作内容：主要从事生产笔记本电脑iphone苹果系列产品，如iphone成品，ipad迷你，新款廉价iphone等。\n工作时间：正常工作时间为5天8小时，公司执行白晚班两班制。\n加班时间：平时每日加班不超过3小时，每周至少休息1天，中间含吃饭休息一小时。\n工作环境：坐式工作，生产线上均有中央空调并且为恒温车间。\n【福利待遇】\n宿舍设有独立卫生间，住宿费全免，水电费平摊。每月补助300-400元餐补。\n生活区内设有大型员工餐厅，可满足多样化的用餐需求，早餐供应各类面点、蛋类、粥类，中餐和晚餐可选择四菜一汤（一大荤,一小荤，二素菜）。\n公司提供伙食补贴300-400元/月，每月打到员工卡上，一个月吃不完有剩余则在工资里发放。\n員工宿舍住宿免费，所有宿舍均提供独立的冷暖空调，二十四小时供应洗浴热水及饮用水。\n缴险标准：公司按法律要求为员工缴纳社会保险、商业保险。\n有薪假期：员工依法享受国家法定节假日、婚假、丧假、产假、带薪年休假等。\n年终奖金：每年春节前按当年度工作绩效及整体贡献发放年终奖。\n【入职流程】\n前往公司面试报到——录取信息——分发宿舍并放置行李——制作识别卡——新人培训——分发厂服及部门——部门岗前培训——正式上岗','不限','不限','     包住   包吃   五险一金   年底双薪   加班补助       '),(255,NULL,'8000-15000',' 徐汇 ',NULL,'配送员/送餐员/外卖小哥','送餐员',NULL,NULL,'','不限','不限','     房补   饭补   话补    '),(256,NULL,'8000-16000',' 徐家汇 ',NULL,'送外卖轻松月入一万以上','送餐员',NULL,NULL,'','不限','不限','     饭补   加班补助    '),(257,NULL,'6000-10000',' 上海 ',NULL,'日式俱乐部招聘服务员','酒吧服务员',NULL,NULL,' 公司直聘，入职不收求职者任何费用。新人可以没有经验，可以不会日语。要去求职者工作认真、努力、负责。提供免费住宿 ','不限','不限','     五险一金   包住   年底双薪   房补   交通补助      '),(258,NULL,'8000-15000',' 江湾 ',NULL,'高薪诚招送餐员8K配车','送餐员',NULL,NULL,'','不限','不限','     包住   包吃   年底双薪   周末双休   交通补助        '),(259,NULL,'9000-18000',' 上海 ',NULL,'0押金新能源货车提供货源','货运司机',NULL,NULL,'','不限','不限','     五险一金   包吃   交通补助   饭补   加班补助         '),(260,NULL,'3500-5500',' 陆家嘴 ',NULL,'办公文员周末双休','文员',NULL,NULL,'','不限','不限','     五险一金   包吃   年底双薪   交通补助   饭补       '),(261,NULL,'7500-8500',' 南京东路 ',NULL,'Levis旗舰店资深店员','店员/营业员',NULL,NULL,'','不限','不限','     年底双薪   加班补助   五险一金    '),(262,NULL,'5000-10000',' 康桥 ',NULL,'做六休一高薪招聘专员','招聘专员/助理',NULL,NULL,'招聘职位：招聘助理\n1.工作内容：公司提供资源，主要负责网络招聘，每天在58、赶集网、发布招聘信息，接听求职者咨询电话，对投递的简历进行筛选，邀约面试等等，有无经验均可，有人培训。\n2.招聘要求：\n1、18--35岁。\n2、五官端正，服从管理；\n3、会基本的办公软件，具有一定的销售能力；\n4、性格开朗大方，会与人很好的交流，具有一定的亲和力；\n5、具有良好的沟通能力和团队合作精神，工作认真负责，积极上进。\n3.薪资福利：\n底薪+绩效+提成综合工资5000－15000元不等\n工作地点:浦东康桥','不限','不限','    求职保障   饭补   房补   包住    '),(263,NULL,'5000-6000',' 华新 ',NULL,'华新物流园拣货员5k+','分拣员',NULL,NULL,' 年龄符合男女不限 包进免费食宿!!!!  公司直聘不收任何费用!!招聘岗位：蔬菜水果分拣，包装、理货员  收货员日常工作:负责水货蔬菜分拣，蔬菜拆分、打包，称重(工作简单轻松) 年龄要求：18-40年龄符合包进。男女不限上班时间： 15:00-00:00 进行排班   工作8-10小时 具体时间根据排班安排。   做六休一、薪资待遇：月到手工资4800-5500/月工作地址：青浦区华新镇 ','不限','不限','     饭补   加班补助   话补   五险一金   包吃       '),(264,NULL,'6000-7000',' 九亭  ',NULL,'食品厂长期小时工7k+','普工',NULL,NULL,'急！急！急！工厂直招，福利好，待遇优！\n1、女操作工18-42岁，学历不限\n2、恒温车间（车间温度10度左右），穿厚衣服，不能穿拖鞋、凉鞋。\n3、包工作餐。\n4、每天12小时，单休，月工时300小时，月薪7000元左右，轮班制，至少做满2个月','不限','不限','    求职保障   五险一金   包住   包吃   年底双薪   周末双休         '),(265,NULL,'8000-15000',' 陆家嘴 ',NULL,'招行信用卡销售1W+','信用卡/银行卡业务',NULL,NULL,'岗位职责：\n1、通过已有的信用卡准客户转介绍或者自主开发新的渠道获取客户资源； （招商银行每天人均下发3-5条名单）\n2、跟客户线上电话微信线下面对面沟通维护、推荐招商银行信用卡产品、APP推广注册、商品分期营销等综合金融业务；\n3、消化招行每天分配的资源，做到较大限度的利用；\n4、负责上海区域招行网申信用卡的客户维护，推进招商银行综合零售业务（掌上生活、汽车分期、金融理财等多重金融产品）营销，为上海地区客户提供优质专业的个人消费金融服务。\n5、及时收集、反馈客户意见和建议，积极协调内外资源，有效解决客户疑问，提高客户满意度\n基本薪资待遇：\n岗位定薪为8000元/月-20000元/月，实际月薪8000-15000（这是平均薪资，实际多劳多得上不封顶），薪资包括底薪+津贴补贴+新人奖金+提成+月度激励。\n岗位要求：20-30岁，统考统招全日制大专学历及以上（本科为主），经验不限（入职之后有专业培训，都是带薪的）\n，我们需要的是有冲劲儿想挣钱或者想进银行发展的小伙伴儿~\n福利齐全：\n五险一金+企业年金+（补充高额商业医疗保险）。都会有！\n员工体检 + 带薪年假 + 银行行服 + 降温取暖费 + 生日关怀 + 节假日关怀 广阔的发展空间——让您成就未来\n行员晋升：客户经理 ---- 营销主管（行员） ---- 销售总监（行员）\n内部转岗：消费信贷条线、市场企划条线、行政管理条线 分支行\n输送：总行上海分行信用卡联络员、上海分行支行金葵花客户经理 完善的培训体系——让您胜人一筹\n全方位入职培训：新员工带薪培训 + 辅导员一对一带教\n深发展在职培训：开设驻点高手班 + 陌拜培训班 + 绩优企业班 + 网银深挖培训班等专项辅导班以及每月的金融产品培训，多元的推广模式——让您重新认识信用卡行业 区别于银行信用 银行提供意向客户名单、全程PAD操作办理','不限','大专','     五险一金   交通补助    '),(266,NULL,'4000-5000',' 闵行 ',NULL,'女装导购','促销/导购员',NULL,NULL,'岗位职责：\n1、接待顾客的咨询，了解顾客的需求并达成销售；\n2、负责做好货品销售记录、盘点、账目核对等工作，按规定完成各项销售统计工作；\n3、完成商品的来货验收、上架陈列摆放、补货、退货、防损等日常营业工作；\n4、做好所负责区域的卫生清洁工作；\n5、完成上级领导交办的其他任务。\n任职资格：\n1、从事服装行业半年以上\n2、具有较强的沟通能力及服务意识，吃苦耐劳，爱岗敬业；\n3、性格开朗，对销售服装感兴趣，有团队协作精神\n4，年纪30岁左右','不限','不限','     五险一金    '),(267,NULL,'8000-15000',' 虹口周… ',NULL,'上滨生活广场直招配送员','快递员',NULL,NULL,'我们门店统一提供电瓶车，工作服，不收取任何押金。\n1、提供车（1车2电，免更换），无押金、无需分期\n2、免费工服装备：头盔、雨衣、冲锦衣、护膝、手套等\n3、意外险、单多福利好，保障全面\n配送范围：3公里内配送，固定取货点，一点对一点（同方向订单），配送效率高\n配送货物：生鲜、水果、菜、牛奶、面包、饮料、零食等生活用品及食品，小件商品。\n取单模式：无需抢单、系统派单，公平合理！\n工作要求:\n1、男18-45岁，会用手机APP（不会可教），会骑电动车，有无经验均可\n2、有强烈的主动服务意识，吃苦耐劳，有责任心综合薪资8000-12000，薪资范围真实可靠。\n【入职要求】：\n18～45周岁内，会骑电瓶车，身体健康，无不良记录！\n我们超市单量高，一定需要能够吃苦的才能长期做下去。上班时间，早6.30晚7.30早中晚4个班次，每天配送时长10个小时左右，其他时间轮流休息。\n做满10天，没有生活费可以提前预支生活费。\n【薪资结构】：\n一：操作熟练/路线熟悉了一次携带4～8个单子送出去（系统派单，一条路上的），送完回店里休息一下拿单。\n平均人均单量一天50～60单（能力强的可以送到60～80单每天）\n二：原始单价5.1元到6.1元！\n冲单奖金，冲单奖金按照每月总单量计算，月满1000单奖励800，1200单奖励1200，1500单奖励1500\n月综合收入1万以上送的越多工资越高。\n疫情期间我们会提供口罩等必要的防护用品，保障大家的健康安全！【需要住宿的朋友门店可以协助解决】\n工作地点：上海市黄浦区直营门店就近安排，请各位求职的朋友电话联系/或者投递简历给我，下午统一回复.谢谢\n工作地点：(工作地点就近安排)','不限','不限','     年底双薪   房补   话补   饭补    '),(268,NULL,'4000-5000',' 浦东 ',NULL,'招火锅切配/主管/包吃住','配菜/打荷',NULL,NULL,'职位要求\n1.切配底薪工资3800-4200元/月，月休息四天，宿舍有无线网，洗衣机，空调，24小时热水。\n2.上班时间9:30-14:00. 16:00-21:30.中午轮流值班，晚上不用值班，有专门上夜班的\n3.刀功要求好，会片黑鱼片（蝴蝶片）工资4500，负责切菜、刨肉，抓菜，熟悉各种原材料保管加工。\n4.有火锅经验相关工作经验1-2年，不招聘学徒。','3-5年','高中','     包吃   包住    '),(269,NULL,'6000-9000',' 桃浦 ',NULL,'普陀大仓直招分拣+住宿','分拣员',NULL,NULL,'','不限','不限','     年底双薪   加班补助   包住    '),(270,NULL,'8000-10000',' 三林 ',NULL,'急招APP拉新推广','销售代表',NULL,NULL,'','不限','不限','     五险一金   年底双薪   加班补助   交通补助   饭补    '),(271,NULL,'8000-14000',' 南京西路 ',NULL,'2020你该重新蜕变了','学徒工',NULL,NULL,'','不限','不限','     包住   年底双薪   交通补助   话补    '),(272,NULL,'4000-6000',' 曹杨 ',NULL,'直招收银高薪','收银员',NULL,NULL,'','不限','不限','     年底双薪   饭补    '),(273,NULL,'10000-19000',' 三林 ',NULL,'直聘置业顾问15K以上','房产经纪人',NULL,NULL,'','不限','不限','     包住   交通补助   加班补助   话补    '),(274,NULL,'5000-6000',' 华新 ',NULL,'仓库聘水果蔬菜打包员','理货员/陈列员',NULL,NULL,'','不限','不限','     加班补助   饭补   房补   交通补助    '),(275,NULL,'面议',' 庄行 ',NULL,'财务经理','财务经理/主管',NULL,NULL,'任职要求：\n1、5年以上会计工作经验，并具有一定的财务、税收等相关政策、法律、法规专业知识；\n2、良好的沟通协调能力，责任心强；\n3、熟练使用office办公软件和用友财务软件；\n4、优秀的财务计划、分析、协调能力，良好的职业操守，并能服从公司领导的相关工作要求和安排；\n5、有制造行业相关经验者优先;\n6、本地人优先。\n岗位职责：\n1、负责公司帐务处理、全面财务核算工作，监督日常财务制度执行；\n2、月末报表编制，出具相关管理报表，分析财务数据，并进行相应调整事项的记录处理；\n3、完成税务报表并完成报税、审核月度结算表；\n4、检查并审批每笔资金付款凭证，确保报销业务的真实性和完整性，对发现的问题及时提出改善建议；\n5、负责与公司各部门之间的工作协调和配合；\n6、代表公司与外界有关部门和机构联络并保持良好合作关系；\n7、完成公司领导交办的其他任务。\n工作时间：\n做六休一（8:00-17:00，中午休息1小时）','3-5年','高中','     包吃   五险一金   年底双薪    '),(276,NULL,'8000-15000',' 控江路 ',NULL,'演员/模特','演员/模特',NULL,NULL,'','1年以下','中专','     五险一金   包吃   年底双薪   周末双休   交通补助        '),(277,NULL,'8600-16000',' 控江路 ',NULL,'十万火急招演员/模特高薪','礼仪/迎宾',NULL,NULL,'','不限','不限','     周末双休   交通补助   加班补助   饭补   话补         '),(278,NULL,'5000-6000',' 上海 ',NULL,'物流专线直招文员/现场','物流专员/助理',NULL,NULL,'本公司招聘由经理直接面试，不经过劳务中介，不收取任何费用\n岗位职责：\n1、能负责正常开单，查货，整理回单，处理异常，\n任职资格：\n1、1-3年以上相关工作经验，在物流公司专线由相关专业优先考虑；\n工作时间：能适应中班夜班','3-5年','不限','     包吃   饭补   包住    '),(279,NULL,'8000-14000',' 淞南 ',NULL,'六季直招无责五千销售包住','销售代表',NULL,NULL,'工作内容：工作内容：\n职位要求：\n工作时间：工作内容：任职要求：\n1、有无经验均可 （我们只看你是否有意愿）\n2、学历不是你的硬指标 （我们只看能力，只认付出）\n3、有良好的服务意识、综合素质 （有服务行业经验者更加适合）\n4、能吃苦耐劳、有强烈的企图心 （目标需要靠自己的付出去实现）\n5、退伍军人优先考虑 （团队合作与毅力，是我们较看重的精神）\n6、应届生一视同仁 （我们会是你融入社会，学习成长的优秀平台）\n【薪资待遇】\n保障底薪：新人保底薪酬6500元/月，每3个月即可晋升调薪;\n佣金提成：较高达45%税前提成收入（业绩优秀销售员可获得月收入20000以上，上不封顶）；\n专业培训：全面房产业务知识培训(房地产法规，交易按揭流程，营销实战技巧等；\n晋升通道：完善的职业晋升计划及空间（置业顾问 营业主任 分行经理 高级经理 区域总监）；\n职位要求：\n工作时间：一天工作8小时','不限','不限','     五险一金   包住    '),(280,NULL,'10000-18000',' 田林 ',NULL,'急招日韩餐店长包吃住','大堂经理/领班',NULL,NULL,'本岗位要求有餐饮相关行业者优先录取，请求职者考虑清楚再投递，谢谢！\n公司经营连锁门店，晋升空间大，有完善的体系跟丰厚的福利待遇。现有店长职位空缺，希望有意向人主动来电咨询沟通~~~\n店经理岗位资质\n1.熟悉上海中型餐饮现状和发展趋势，对日韩烤肉运营流程经验丰富。\n2.独立带店工作经验5年以上，\n3.熟练掌握office 等各种办公软件\n4.年龄：28至40岁之间，男身高1.75.女1.60\n5.学历不限，看能力\n6.薪资待遇：10000——18000\n任职资格：\n1、熟悉上海餐饮业现状和发展趋势，熟悉3/500平方米门店运营工作；\n2、同行业5年以上工作经验；有带领团队工作的经验，熟练掌握office等办公软件；\n3、年龄25岁-40岁之间；形象气质佳 退伍军人以及知名连锁企业者优先\n4、面试直接打电话联系（09:00-17:00）信息不方便回复；\n5、面试前需要对品牌做聘前功课。','3-5年','高中','     包住   包吃   年底双薪   五险一金    '),(281,NULL,'5000-6000',' 华新 ',NULL,'仓库分拣打包理货8小时','分拣员',NULL,NULL,'','不限','不限','     加班补助   饭补   房补   交通补助    '),(282,NULL,'7000-14000',' 惠南 ',NULL,'急外卖送餐轻松自由收入高','送餐员',NULL,NULL,'','不限','不限','     饭补   加班补助    '),(283,NULL,'6000-10000',' 仙霞 ',NULL,'长宁日式俱乐部聘服务员','娱乐厅服务员',NULL,NULL,' 公司直聘，不收任何费用。工作认真负责，努力，上进，免费提供住宿 ','不限','不限','     五险一金   包住   年底双薪   房补   交通补助      '),(284,NULL,'7000-12000',' 莘庄 ',NULL,'APP拉新推广8K+','销售代表',NULL,NULL,'首月综合底薪7000+提成，入职有老员工带\n【薪资待遇】3720底薪+新人补贴3000+单量提成（10-14元/单）+奖金，综合薪资7000—10000\n【人员要求】男女不限，20--35周岁、会使用智能手机，性格外向，会骑车（有电动车较好）如无车可提供租车渠道\n【工作时间】10点--21点，中午休息一小时，做六休一，看门店安排\n【工作内容】公司提供礼品，让新用户下载app即可免费赠送礼品\n【工作地址】根据门店就近分配','不限','不限','    求职保障   饭补   房补   包住    '),(285,NULL,'5000-6000',' 华新 ',NULL,'包装工男女不限+工作轻松','包装工',NULL,NULL,' 年龄符合男女不限 包进免费食宿!!!!  公司直聘不收任何费用!!招聘岗位：蔬菜水果分拣，包装、理货员  收货员日常工作:负责水货蔬菜分拣，蔬菜拆分、打包，称重(工作简单轻松) 年龄要求：18-40年龄符合包进。男女不限上班时间： 15:00-00:00 进行排班   工作8-10小时 具体时间根据排班安排。   做六休一、薪资待遇：月到手工资4800-5500/月工作地址：青浦区华新镇 ','不限','不限','     饭补   加班补助   话补   五险一金   包吃       '),(286,NULL,'8000-15000',' 陆家嘴 ',NULL,'招商银行信用卡销售','销售代表',NULL,NULL,'岗位职责：\n1、通过已有的信用卡准客户转介绍或者自主开发新的渠道获取客户资源； （招商银行每天人均下发3-5条名单）\n2、跟客户线上电话微信线下面对面沟通维护、推荐招商银行信用卡产品、APP推广注册、商品分期营销等综合金融业务；\n3、消化招行每天分配的资源，做到较大限度的利用；\n4、负责上海区域招行网申信用卡的客户维护，推进招商银行综合零售业务（掌上生活、汽车分期、金融理财等多重金融产品）营销，为上海地区客户提供优质专业的个人消费金融服务。\n5、及时收集、反馈客户意见和建议，积极协调内外资源，有效解决客户疑问，提高客户满意度\n基本薪资待遇：\n岗位定薪为8000元/月-20000元/月，实际月薪8000-15000（这是平均薪资，实际多劳多得上不封顶），薪资包括底薪+津贴补贴+新人奖金+提成+月度激励。\n岗位要求：20-30岁，统考统招全日制大专学历及以上（本科为主），经验不限（入职之后有专业培训，都是带薪的）\n，我们需要的是有冲劲儿想挣钱或者想进银行发展的小伙伴儿~\n福利齐全：\n五险一金+企业年金+（补充高额商业医疗保险）。都会有！\n员工体检 + 带薪年假 + 银行行服 + 降温取暖费 + 生日关怀 + 节假日关怀 广阔的发展空间——让您成就未来\n行员晋升：客户经理 ---- 营销主管（行员） ---- 销售总监（行员）\n内部转岗：消费信贷条线、市场企划条线、行政管理条线 分支行\n输送：总行上海分行信用卡联络员、上海分行支行金葵花客户经理 完善的培训体系——让您胜人一筹\n全方位入职培训：新员工带薪培训 + 辅导员一对一带教\n深发展在职培训：开设驻点高手班 + 陌拜培训班 + 绩优企业班 + 网银深挖培训班等专项辅导班以及每月的金融产品培训，多元的推广模式——让您重新认识信用卡行业 区别于银行信用 银行提供意向客户名单、全程PAD操作办理','不限','大专','     五险一金   交通补助    '),(287,NULL,'6000-9000',' 桃浦 ',NULL,'大仓分拣6k+有住宿','分拣员',NULL,NULL,'','不限','不限','     年底双薪   加班补助   包住    '),(288,NULL,'8000-10000',' 杨思 ',NULL,'高薪诚聘地推人员上班自由','销售代表',NULL,NULL,'','不限','不限','     五险一金   年底双薪   加班补助   交通补助   饭补    '),(289,NULL,'4000-8000',' 徐汇滨江 ',NULL,'理货员6k5做六休一','理货员/陈列员',NULL,NULL,'','不限','不限','     年底双薪   饭补    '),(290,NULL,'5500-6500',' 华新 ',NULL,'八小时物流园分拣员','分拣员',NULL,NULL,'','不限','不限','     年底双薪   饭补   话补   房补   加班补助        '),(291,NULL,'6000-9000',' 曲阳 ',NULL,'曲阳百联店急聘分拣理货','分拣员',NULL,NULL,'','不限','不限','     年底双薪   加班补助   饭补    '),(292,NULL,'5000-6000',' 华新 ',NULL,'华新镇仓库急聘分拣8小时','分拣员',NULL,NULL,'','不限','不限','     加班补助   饭补   房补   交通补助    '),(293,NULL,'8000-16000',' 南桥 ',NULL,'奉贤区爆单直招骑手','送餐员',NULL,NULL,'','不限','不限','     饭补   加班补助   年底双薪    '),(294,NULL,'5000-6000',' 华新 ',NULL,'华新物流园拣货员5k+','普工/技工其他',NULL,NULL,' 年龄符合男女不限 包进免费食宿!!!!  公司直聘不收任何费用!!招聘岗位：蔬菜水果分拣，包装、理货员  收货员日常工作:负责水货蔬菜分拣，蔬菜拆分、打包，称重(工作简单轻松) 年龄要求：18-40年龄符合包进。男女不限上班时间： 15:00-00:00 进行排班   工作8-10小时 具体时间根据排班安排。   做六休一、薪资待遇：月到手工资4800-5500/月工作地址：青浦区华新镇 ','不限','不限','     饭补   加班补助   话补   五险一金   包吃       '),(295,NULL,'6000-9000',' 桃浦 ',NULL,'普陀生鲜大仓直招分拣','分拣员',NULL,NULL,'','不限','不限','     年底双薪   加班补助   包住    '),(296,NULL,'6000-10000',' 虹口周… ',NULL,'虹口区直招分拣理货打包员','分拣员',NULL,NULL,'招聘岗位：\n1.分拣员：根据网上客户订单捡取相对应的小件食品\n2.理货员：负责货架上物品的码放及缺货情况下及时\n补货（都是小件食品，无重物）\n3.水产宰杀：负责海鲜鱼类的宰杀招聘岗位：\n1.分拣员：根据网上客户订单捡取相对应的小件食品\n2.理货员：负责货架上物品的码放及缺货情况下及时\n补货（都是小件食品，无重物）\nPs:以上岗位有无经验均可\n职位要求：\n1.18-35周岁，男女不限。\n2.能适应工作文化，抗压能力强。\n3.无不良嗜好和记录，无明显纹身；\n4.有上海食品安全健康证\n需要以下岗位：\nA:超市类：薪资(4000-6000）\n蔬果：整理排面、果切、品质检查\n标品：订货、陈列、整理排面\n水产：面销、称重、宰杀、养殖\n肉禽蛋：陈列、库存调整、猪肉分割技工\n烘焙师：面销、整理排面、蛋糕制作、面包烘烤\n收银客服：维持结算秩序、指导收银、处理客诉、客户沟通\nB:物流类：薪资(4500-10000）\n分拣打包员：挑选商品完成拣货、分门类打包成箱\n理货上架员：商品上架、检查商品、盘点差异\n福利保障：五险一金，带薪年假，年终奖，内推奖励，员工餐，可提供住宿。\n工作地点：上海虹口区各直营门店','不限','不限','     包住   年底双薪   五险一金    '),(297,NULL,'4000-8000',' 南京东路 ',NULL,'分拣员6k5饭补','分拣员',NULL,NULL,'','不限','不限','     年底双薪   饭补    '),(298,NULL,'8000-12000',' 杨思 ',NULL,'诚聘推广员8k','网络推广',NULL,NULL,'','不限','不限','     五险一金   年底双薪   加班补助   交通补助   饭补    '),(299,NULL,'6000-9000',' 桃浦 ',NULL,'普陀生鲜大仓诚聘分拣员','分拣员',NULL,NULL,'','不限','不限','     年底双薪   加班补助    '),(300,NULL,'5000-6000',' 黄浦 ',NULL,'瑞辛咖啡师29/小时学徒','咖啡师',NULL,NULL,'','不限','不限','     加班补助   饭补   房补   交通补助    '),(301,NULL,'8000-16000',' 石化 ',NULL,'金山爆单急招送餐员+车','送餐员',NULL,NULL,'','不限','不限','     饭补   加班补助    ');
/*!40000 ALTER TABLE `recruit_info` ENABLE KEYS */;
UNLOCK TABLES;

--
-- Table structure for table `resume`
--

DROP TABLE IF EXISTS `resume`;
/*!40101 SET @saved_cs_client     = @@character_set_client */;
/*!50503 SET character_set_client = utf8mb4 */;
CREATE TABLE `resume` (
  `User_ID` int NOT NULL,
  `Name` varchar(10) DEFAULT NULL,
  `Gender` tinyint(1) DEFAULT NULL,
  `Birth` date DEFAULT NULL,
  `Experience` varchar(20) DEFAULT NULL,
  `Education` varchar(10) DEFAULT NULL,
  PRIMARY KEY (`User_ID`),
  CONSTRAINT `FK_Relationship_2` FOREIGN KEY (`User_ID`) REFERENCES `user` (`User_ID`) ON DELETE RESTRICT ON UPDATE RESTRICT
) ENGINE=InnoDB DEFAULT CHARSET=utf8mb4 COLLATE=utf8mb4_0900_ai_ci;
/*!40101 SET character_set_client = @saved_cs_client */;

--
-- Dumping data for table `resume`
--

LOCK TABLES `resume` WRITE;
/*!40000 ALTER TABLE `resume` DISABLE KEYS */;
/*!40000 ALTER TABLE `resume` ENABLE KEYS */;
UNLOCK TABLES;

--
-- Table structure for table `user`
--

DROP TABLE IF EXISTS `user`;
/*!40101 SET @saved_cs_client     = @@character_set_client */;
/*!50503 SET character_set_client = utf8mb4 */;
CREATE TABLE `user` (
  `User_ID` int NOT NULL AUTO_INCREMENT,
  `User_Name` varchar(25) DEFAULT NULL,
  `Password` varchar(25) DEFAULT NULL,
  `Phone` varchar(20) DEFAULT NULL,
  `Email` varchar(30) DEFAULT NULL,
  `Role` tinyint(1) DEFAULT NULL,
  PRIMARY KEY (`User_ID`),
  UNIQUE KEY `User_Name` (`User_Name`)
) ENGINE=InnoDB AUTO_INCREMENT=1001 DEFAULT CHARSET=utf8mb4 COLLATE=utf8mb4_0900_ai_ci;
/*!40101 SET character_set_client = @saved_cs_client */;

--
-- Dumping data for table `user`
--

LOCK TABLES `user` WRITE;
/*!40000 ALTER TABLE `user` DISABLE KEYS */;
INSERT INTO `user` VALUES (1,'Tiffani Anstice','2152fyrx','07401238030','5897311806@564.com',1),(2,'Aurora Carding','9031ufxb','92114684077','4495771966@598.com',1),(3,'Calla Bullivant','6766yopc','76796318740','0955435856@831.com',1),(4,'Lina Gimlet','8630bdbc','14006482070','7285676747@274.com',1),(5,'Phyllys Beadnell','3819ooij','01006841651','5004880041@476.com',0),(6,'Parrnell Darbey','1456mlrs','70962946486','1260470603@524.com',0),(7,'Erin Scholcroft','2079layn','19238276485','4812983934@869.com',0),(8,'Nady Abson','6446vwrf','36988410682','0262590041@173.com',1),(9,'Concettina Mingus','0481ndux','97432177003','6017257712@849.com',1),(10,'Sayre Cocker','1932sgdb','45229909515','7286321614@731.com',0),(11,'Coral Odd','4895wypl','28042940705','2401906890@994.com',0),(12,'Drusie Heersema','1048jqgx','71963359381','2181342667@073.com',0),(13,'Ruprecht Faltin','9748qmsk','68692549228','0670730089@326.com',0),(14,'Alon Heinecke','6729kttl','93525058661','6332134455@131.com',0),(15,'Thurstan Trewhela','4922xdos','57945258935','2329359855@576.com',1),(16,'Hilton Doudney','2963uvte','80124735219','7424066097@147.com',1),(17,'Yehudi Letch','6066zvei','62716781669','0541927701@751.com',0),(18,'Robby Twidell','7786fdtg','83740396786','9337514171@425.com',0),(19,'Ignacius Struthers','3781tcck','44311940560','3924064557@299.com',0),(20,'Johnathan Thunders','1306ubdr','83709898345','2210809507@886.com',0),(21,'Sianna Robens','9786ddkz','63084707262','7540454711@297.com',0),(22,'Ted Barrar','1674lldl','13945618350','8422473695@692.com',0),(23,'Elisabeth Duns','6340wvop','76834811116','6536375116@637.com',1),(24,'Ly Calltone','9626ygpe','60686993533','5157964783@480.com',0),(25,'Pearce Nornable','9602hplq','89304184345','3369853699@931.com',1),(26,'Gardy Gemlett','3835fscl','62345402885','4796946655@439.com',1),(27,'Mathian Orkney','4474hoja','66015061011','8675537543@539.com',0),(28,'Wait Belison','1554bvne','14980369094','4684661501@011.com',1),(29,'Tremain Coal','9650idjc','23959688414','2425360671@124.com',0),(30,'Angel Liddon','8787vvvz','34326410233','3998935874@035.com',1),(31,'Elizabeth Jakubiak','4007fkwe','15068704735','1296447611@052.com',1),(32,'Cortie Minnette','1666wgnl','85277737326','8535128612@570.com',1),(33,'Idalina Mynett','1711kpoq','17007504031','2349129317@981.com',0),(34,'Georgetta Hasney','6224ttoz','57990329986','0988739576@936.com',1),(35,'Kristopher Dean','4801rwpy','07917283870','5473692661@599.com',1),(36,'Mel Gulleford','9182vkld','89764662288','1625097775@730.com',0),(37,'Vilma Elderton','3065cgwy','74238241385','1645739628@025.com',1),(38,'Ivett Skamell','4841odvw','11670538855','4826885718@658.com',1),(39,'Tiffi Galpen','4484nbky','51391116666','0206152373@347.com',1),(40,'Rhett Eastcott','1817nngg','60543436144','4470304524@129.com',0),(41,'Ennis McIlheran','9749dlkz','65738833097','2579714973@205.com',0),(42,'Kath De Bruijn','4736scfh','16298972949','2320375446@788.com',0),(43,'Mariam Atwill','2891gujb','64806197456','2018914334@667.com',1),(44,'Nichols Belle','7525drqn','52642649273','3834720366@967.com',1),(45,'Gussi Head','2744hkjn','65506081400','3676531365@268.com',1),(46,'Florella McErlaine','6503pqee','81747524596','1498307873@416.com',0),(47,'Farr Errett','5233rrmc','31781913930','8411256122@060.com',0),(48,'Charmine De La Haye','5856lqlb','29171643886','5603198856@960.com',0),(49,'Dante Hasard','1526egzz','10057362147','3745452415@576.com',1),(50,'Pablo Horder','4107nsxl','15120453805','3706456563@380.com',1),(51,'Audi Gath','9931qahq','43154826533','1815122398@911.com',1),(52,'Virgil Dodge','5236dgtq','02154992465','9467128793@422.com',1),(53,'Mortie O\'Kynsillaghe','6013eiza','62131075339','0295106472@549.com',1),(54,'Colin Challen','2428ftnn','93535558950','2221281348@238.com',1),(55,'Maggy Mackrill','6760vgwq','04961797287','4885024386@606.com',1),(56,'Chrystal Macy','9403jtht','65420898686','8923511947@670.com',1),(57,'Agata Pierse','2259dvqh','68566895429','5742095185@066.com',1),(58,'Humfrid Lake','0763flck','04081762989','9110841074@886.com',1),(59,'Hodge McConnel','5765ycwl','49653644562','5005457374@863.com',0),(60,'Bobbie Whyler','3767xhsm','96054535162','0603284719@485.com',1),(61,'Hyacintha Ipsgrave','3686kvbi','20837092098','9488604468@011.com',0),(62,'Roddie Follit','7239ktdp','31701813617','5339145493@350.com',0),(63,'Beatrix Szimoni','4631apxv','30996866962','6236934575@324.com',0),(64,'Elysha Larking','2613nfzx','57725239019','0895044657@796.com',0),(65,'Doreen Douberday','5903rcfq','26871423025','9367631293@740.com',0),(66,'Lawrence Rivett','7976xhzm','25749682906','1806654692@537.com',0),(67,'Monica Bretherick','6448bbsa','60762741791','2427303267@187.com',0),(68,'Carri Alfonsetti','9782tija','20496850333','1098265133@134.com',1),(69,'Clevey Pledger','8472htlm','24305002949','3820100890@923.com',0),(70,'Zechariah Balding','1889lfnv','72261641075','6239254174@608.com',0),(71,'Lira Joutapavicius','2739swli','07481670897','8637402502@583.com',1),(72,'Lora Rosenthal','4210mzvt','54831495022','6160296221@153.com',1),(73,'Jephthah Bryan','6014vgps','10254465313','5989748071@651.com',1),(74,'Charis Cominello','5527sjyp','63227330567','8253970257@994.com',0),(75,'Daniela Ruppert','6025gpgl','13635648351','0394904081@648.com',0),(76,'Denny Pettko','0547peax','59048683228','3253178493@901.com',0),(77,'Eugenia Dowty','3274tamj','04264625821','4702023737@231.com',1),(78,'Hebert Padberry','5154jbdg','31664778083','3662415006@270.com',1),(79,'Lurleen Cockrem','8788exqo','18855245323','9010258458@552.com',1),(80,'Fransisco Wiffen','2159qytp','04773081525','3174314612@043.com',1),(81,'Deirdre Ommanney','1858pahk','87669572339','7775917381@434.com',1),(82,'Kay Aiton','2266lwrv','22383019863','0263310393@406.com',1),(83,'Ignazio Townsend','9852zmip','92425227241','0909099427@181.com',0),(84,'Cornela Scotting','6391napw','36055373949','4503031326@720.com',1),(85,'Gwendolen Andover','4902tuan','11383892748','7797036952@520.com',1),(86,'Verla Quarton','0930umfz','47362761829','2839103543@874.com',0),(87,'Sidonia Alves','6044kpjf','26713924328','5330960090@121.com',0),(88,'Geri Impey','6898tpiu','82058324192','0714417791@911.com',1),(89,'Mignonne Edbrooke','3069ryem','35065463276','6150996601@957.com',1),(90,'Rickey Sitford','9232dufd','27722608132','3301823873@438.com',1),(91,'Siobhan Caile','1324czvw','02321202332','2943077789@328.com',1),(92,'Federica Berringer','7234eeqe','42612795134','1657238952@861.com',0),(93,'Elihu Pond-Jones','2210rrnf','81838411294','1988810097@947.com',1),(94,'Cristie Ben','6378gxbm','01810770973','5237405287@837.com',0),(95,'Roxie Hadwin','2737dkdn','96871331402','2290580271@654.com',0),(96,'Jaclin Drance','8579bbtp','79178986811','2715839003@008.com',1),(97,'Wayland Gellately','0705kdzp','42339449242','0435786279@445.com',1),(98,'Di Crafter','8209nzqi','31695947922','4399899937@870.com',1),(99,'Serena Klagges','9314hfko','68753614505','2090664880@153.com',0),(100,'Dorolice Bussons','6154mqfr','95605974941','4385670087@586.com',0),(101,'Abdul McColm','8286cdgp','48495013174','5325253985@791.com',0),(102,'Jess Dymocke','2455wbft','63783587882','7641664062@825.com',1),(103,'Chancey Thirwell','5503muou','97910857642','7480224513@305.com',1),(104,'Jeddy Hubbis','6315lwzk','94583698852','2832425120@979.com',1),(105,'Karlotta Burdin','9897dypo','93951659804','8530128784@347.com',0),(106,'Ernst Gomersal','0345qjue','57278161290','4747646931@544.com',0),(107,'Misty Sherwin','5922kyvl','66486945052','3357550915@981.com',1),(108,'Sauncho Whifen','9815zhor','25880084154','4607056230@897.com',1),(109,'Nara Olenichev','0849wnay','17956599033','0572450177@323.com',0),(110,'Marylou Flahy','6121ttfe','80609687844','5358817177@872.com',1),(111,'Blanch Iannello','7560hmla','35888741981','2550648023@926.com',0),(112,'Chester Sturr','6300nhzg','67746504957','8336217364@344.com',0),(113,'Gayla McPeeters','3634wxcw','52274411549','2720634062@294.com',1),(114,'Keslie Dignall','5125eqfg','73803666291','0660573295@236.com',1),(115,'Angie Wincom','9165xmzg','88936850679','8120722716@394.com',1),(116,'Jakob Buttery','1843ybdb','49618795739','3238380569@829.com',1),(117,'Haydon Doppler','9634tvuh','95990583963','1142538949@534.com',0),(118,'Brinna Ronayne','6829pqmu','56147244091','3517442158@819.com',0),(119,'Raina Kluger','6584zlvu','18659504461','2450848422@456.com',1),(120,'Leslie Rapkins','1159jwex','95944593638','3078802583@145.com',1),(121,'Brendon Snodin','3754tnff','69844678035','3498583522@746.com',1),(122,'Stanislas Gomersal','6232obum','29230954080','9511305835@551.com',0),(123,'Ira Kubanek','8166uymk','22100493920','7686537747@143.com',0),(124,'Priscella Daveran','5441nxwp','02488518379','0364699447@272.com',1),(125,'Franciskus Blaber','2204gefy','46099798299','1956646232@601.com',0),(126,'Dara Swanton','0584rril','23255061137','0467794667@313.com',1),(127,'Hedvige Schorah','1377bjov','35941963437','0007952450@964.com',0),(128,'Mara Rosengren','8350xugt','10484260789','5518827093@561.com',0),(129,'Raynard Batho','4637bnct','19445742902','5317139712@318.com',0),(130,'Olia Mayer','3953ttfc','54018875463','3316520601@417.com',1),(131,'Lulita Blayd','0990svns','30687082486','2535961556@507.com',0),(132,'Neall Braunroth','6481ocgi','97085579717','2445287805@822.com',0),(133,'Sarajane Synder','9868tlhd','30752421890','2287763309@369.com',0),(134,'Roseanna Carlone','0236sgdy','80100944053','1255634378@091.com',0),(135,'Karney Ochterlonie','5236zfvf','84841873946','3927302016@935.com',0),(136,'Gun Ludman','6510ilww','80852413742','3495620265@983.com',0),(137,'Karlene Gascoyen','8772jrhg','11119524268','6622552753@152.com',0),(138,'Swen Charlick','9966cfei','86009017887','5707037256@412.com',1),(139,'Jess Ivancevic','2778yzkf','54660181094','9987775859@400.com',0),(140,'Phyllys Mallion','2493qtjq','29098963663','7845541009@356.com',0),(141,'Aurelea Vanyukhin','2232sccm','95564770294','4069033710@331.com',0),(142,'Ruthann Kohter','5853vwff','01942502708','4259916780@373.com',1),(143,'Zackariah Pleaden','4896kokf','15851934075','8942641213@550.com',1),(144,'Veronique Geraud','4491upio','61090208231','4561930444@244.com',0),(145,'Diannne Kimblin','7565jpge','58765679468','2249266904@234.com',1),(146,'Cleo Keedwell','4173efnj','14996947355','9898426568@205.com',1),(147,'Susann Walthall','0759rpny','33863792984','5631237160@197.com',0),(148,'De witt Liveing','2498poyd','81181685509','9154125994@532.com',0),(149,'Cyndy Cabrer','2011hpdy','10523019958','1146859615@715.com',0),(150,'Meir Cosgrive','8832wtut','80913725248','2801085558@780.com',1),(151,'Alli Schriren','9435sflq','51805654314','1479231493@720.com',1),(152,'Irwin Ditchburn','8104arzr','04162847620','7690055964@431.com',0),(153,'Kayley Tytler','6906zjwl','21510582981','8782458282@606.com',1),(154,'Baird Strangwood','3715dqvc','09499950728','4435780692@247.com',1),(155,'Milton Ingleston','0850ptao','15924476161','7092950879@699.com',0),(156,'Bekki Cuphus','4791ypjt','15236593860','6653508161@708.com',1),(157,'Gianina Wastell','1070gqsn','13655089592','8136156544@928.com',0),(158,'Cully Blaszczak','0545jcdz','94914441996','7277351991@323.com',0),(159,'Dianemarie Manvell','2857dbkt','23543851825','8038698435@352.com',0),(160,'Ruthe Lanston','6872lhfj','01858666592','4251296506@210.com',1),(161,'Brantley Marron','7913qpcn','38285954982','0337592412@035.com',0),(162,'Kaylil Erlam','1177zcqc','34468937362','5388796118@289.com',1),(163,'Ashlie Sames','0789jdwx','95225640594','9960487862@494.com',0),(164,'Margette Klima','4141elfc','33131065701','6206666325@462.com',0),(165,'Consalve Twitching','3153nbfw','69566431398','4589974975@262.com',0),(166,'Clare Bodycombe','6829dqtn','78272628194','3990898653@828.com',1),(167,'Faber Reinbeck','7972prog','48368722689','6649763062@324.com',0),(168,'Worthy Bunnell','7018mfkp','06612331517','5867467848@543.com',0),(169,'Quentin Swatheridge','0690blhm','14996035635','2417666930@068.com',0),(170,'Donny Doumer','5075tllq','98263424212','3433631211@886.com',0),(171,'Liesa Mordey','3881fvvh','28591798105','6360605985@392.com',1),(172,'Norine Volett','5515uplo','50357969552','5952894012@202.com',1),(173,'Enrique Damrel','9230cbnx','56077999733','3804337005@556.com',0),(174,'Alex Bedbrough','1838igen','43291011721','2438254786@639.com',0),(175,'Ninetta Ridwood','0094hnbf','68169250285','1909132418@236.com',0),(176,'Elyssa Crunkhurn','8929rbeu','98626545169','4106123023@923.com',0),(177,'Jamie Harcase','3715ajpw','49609032233','0469223039@667.com',0),(178,'Ervin Dik','1186tkud','14985282599','2805626935@828.com',0),(179,'Etty Dalgarno','9605vymh','78856436456','1969796359@283.com',0),(180,'Otis Morales','9059bicw','51662994406','5734925146@185.com',0),(181,'Lynn Tuckley','2364hftt','69421899267','5273115668@654.com',0),(182,'Caren Kemery','8325giez','00536164855','7688821210@952.com',1),(183,'Dacia Fanshaw','7113zztn','54073302210','3634310760@609.com',1),(184,'Layne Gartrell','5660kasl','27504332169','5649927232@313.com',0),(185,'Karilynn Edmott','4491bcgj','29676682198','4886684318@299.com',0),(186,'Lionel Riccard','2386jchq','27051524619','0686419668@321.com',0),(187,'Willi Polkinghorne','5206zmmc','59461091345','0748950348@174.com',0),(188,'Dorette Lardez','8071orcz','27285127827','4929503778@786.com',1),(189,'Garland McLernon','0980gdrq','40191155921','5624527822@357.com',1),(190,'Justus MacPeake','8381lplx','93946145279','1970726823@209.com',0),(191,'Cordelie Wale','1313fszp','26786717857','4509669688@007.com',0),(192,'Burnaby Wreak','0903dgfr','47949346699','1715997648@444.com',0),(193,'Yetta Febry','0808nbye','75139997634','7811065440@752.com',0),(194,'Simonette Bonfield','8127godo','54304090033','7913422523@725.com',0),(195,'Trina Biggar','8912fgsa','10634187271','4531802790@618.com',1),(196,'Kasey Spinetti','2176tolk','77360357995','3871498659@656.com',1),(197,'Ursola Arch','2211nwit','33216361961','7114690849@489.com',0),(198,'Roseanne Dayly','2890ppfg','43264028537','0363042761@298.com',1),(199,'Isabella Shave','4611zudk','17363737057','6587964490@177.com',1),(200,'Adrien Bullough','9359yxbw','42649307709','2015593865@544.com',0),(201,'Shantee Blything','1657rdxm','49377297356','1985100563@648.com',1),(202,'Olag Carus','6583tuul','37968627272','4057413584@907.com',0),(203,'Talbot Stubbings','8284pawz','38513871702','8460577913@348.com',0),(204,'Mahala Bruyns','8545mzuf','99220209808','3107833455@572.com',1),(205,'Tricia Matschoss','4830llnf','66516402634','0647495351@706.com',0),(206,'Meredith Worboy','3912oglu','64075942769','6804649205@862.com',0),(207,'Gennie Hundy','9646ezxv','65892101258','8902680735@304.com',1),(208,'Edithe Allmen','5901ylmb','78055456764','5284316287@716.com',0),(209,'Shepherd Kaufman','2852tacv','73800639584','0638749008@839.com',0),(210,'Cyndia Kirke','5140qvfg','07466096074','5156910445@132.com',1),(211,'Creighton Stonary','1988vdcx','53290213038','7296580833@535.com',1),(212,'Sherwynd Collingridge','6527cwsb','99265588452','4089920845@377.com',1),(213,'Rollins Bloschke','8852arsy','19000791008','3762902808@427.com',0),(214,'Chilton Moulsdale','2400tity','67713276409','4258447981@277.com',1),(215,'De Dunford','9741moyl','33722797222','5020638563@163.com',1),(216,'Shurlock Dearl','1483ksid','62577476031','6671348872@772.com',0),(217,'Mic Callway','1854nlvo','17973997627','7599751811@986.com',1),(218,'Therese Zamorano','5243awwd','77714570112','9130667485@403.com',1),(219,'Patin Hazzard','8239vtvu','78126104781','4465003384@644.com',1),(220,'Suzette Muncer','7381wtlk','12673761115','6356069918@666.com',0),(221,'Joyan McCrory','8378ieeb','95823872172','2245869084@546.com',1),(222,'Christos Goodyear','8096jgjj','47981262553','2468435710@401.com',0),(223,'North Bensley','5823qlfj','66955358321','5737072115@383.com',1),(224,'Nana Mellor','2491spvr','76538487233','9617641264@849.com',1),(225,'Uriel Jackways','8969pnko','70798313090','6854176645@451.com',1),(226,'Gregorio Schuh','2313kvmu','39919703019','9475491555@887.com',1),(227,'Goldy Coulthard','5641kemx','75006485504','1117103129@291.com',1),(228,'Wendye Shank','0985yzsm','98156134472','3499516003@719.com',0),(229,'Massimo Toyne','8680icky','53980479221','8508296734@784.com',1),(230,'Sascha Connock','7029dnxx','19728038514','8116826754@782.com',1),(231,'Candra Alldis','9103zlsv','22522668854','7499231051@235.com',1),(232,'Pippa Realy','3531rvdk','31496994552','1967383169@211.com',1),(233,'Katie Center','5979hgms','81114941769','4157093226@805.com',1),(234,'Garv Miller','4018cesb','47423179294','2991836310@219.com',0),(235,'Dori Gresham','1673bblw','62016397361','4242557280@268.com',1),(236,'Eudora Leithgoe','6470divs','51768957390','6438704041@132.com',0),(237,'Charlot Kiessel','1289ljhd','49847572977','2823458148@174.com',1),(238,'Irena Pamment','0938grxk','44665234826','0070850617@271.com',1),(239,'Nance Arens','2032pnno','96291661292','8388836643@746.com',0),(240,'Bing Cotterill','8948ouks','45202937008','9383183911@771.com',1),(241,'Arleen Grafom','4640ztgq','99662781759','3797031412@357.com',1),(242,'Forester Emerson','0351nthl','63733336306','4923763495@731.com',1),(243,'Northrup Fradson','6109oezb','32958392946','2567113093@598.com',1),(244,'Krishnah Allenby','9411thmq','96966777320','8823744712@488.com',0),(245,'Vinny Cratchley','4298jnyi','75665133139','2157971810@551.com',0),(246,'Say Le Blanc','0994mzxp','58093362963','9336733707@328.com',0),(247,'Dorey Bretton','4065fyxg','53079147321','8544523164@443.com',0),(248,'Armin Hulle','4370dnte','13648994110','2912412050@818.com',1),(249,'Jocko Pristnor','8192pnzb','23549042863','4656098482@789.com',1),(250,'Vivia Burhouse','6337npjr','51443194274','1308572423@121.com',0),(251,'Meggie Blasi','1056jiui','07654824278','4005268767@133.com',0),(252,'Ebeneser Gambrell','4971oewl','74123743669','3008593233@805.com',1),(253,'Lowe Bockmann','4457tjfc','22599321883','4556995464@855.com',0),(254,'Brit Newstead','9263tdrw','48390780081','4276803102@922.com',1),(255,'Kassie Rollinshaw','1399byss','55180128196','7467375215@742.com',0),(256,'Bernhard Kunze','9165gaha','75095534047','3043971395@794.com',0),(257,'Benjamen Jansens','1223sint','38810049531','7543969397@418.com',1),(258,'Cori Foggarty','8224ifst','83220175688','8891172622@972.com',1),(259,'Hillard Mowday','6917tqqz','81981264705','0133326633@300.com',0),(260,'Shela Butterly','4975yrod','30902061066','3022574485@797.com',0),(261,'Victoir Ebbing','3146wvki','62597123108','7667607527@108.com',0),(262,'Monro Lurner','9695cnsn','17349619638','4779749506@031.com',0),(263,'Alix Syalvester','4115zeka','19385290473','8639522094@206.com',1),(264,'Bronson Minchella','9614nxnn','74557838313','6362926804@402.com',1),(265,'Francesca Bentsen','9143qmhv','87081558483','6272348717@174.com',0),(266,'Kerr Dine-Hart','9952gfal','17460676667','4374005442@571.com',1),(267,'Florida Doyley','7846svgv','17202003415','0308803741@910.com',0),(268,'Creigh Sackett','2632mcxs','31304477120','8137115725@574.com',1),(269,'Jordon Keningley','6767hacx','41922143086','6027151006@707.com',0),(270,'Ginnie Pyrton','7922wnsp','62668730354','5598809169@521.com',0),(271,'Roseline Adaway','8342ngrg','21287849434','8344897838@761.com',0),(272,'Montgomery Majury','5191gqgy','05466907170','1236030880@507.com',0),(273,'Boone Palfery','7726ngmu','27580926676','9654032724@742.com',1),(274,'Terrye Rigler','3264sngl','71932760942','7433783474@091.com',0),(275,'Hillary Martindale','2099moqg','53482229942','7391702073@427.com',1),(276,'Katharine Haslehurst','3607nonh','46019077644','9315733359@360.com',1),(277,'Evaleen Waddilow','2100oyvn','72393777738','0191499567@844.com',1),(278,'Wilek Ogger','1594vfre','08356066531','2531356445@625.com',0),(279,'Jaquenetta Bullimore','2334zqsn','87974797257','8961803736@023.com',1),(280,'Mandy De Miranda','6698xjyb','32893493356','9667316823@172.com',1),(281,'Olivia Blackaller','6035acjm','76450406169','1008457936@131.com',0),(282,'Hettie Greville','7560zfee','01328898611','4142116422@196.com',0),(283,'Miltie Sirl','1625rjvz','22287421286','6317834010@887.com',1),(284,'Becky Cottey','3610phdv','15174571049','3730378953@126.com',0),(285,'Lynnell Eckert','1785kadb','65169848950','5197550466@184.com',0),(286,'Wilie Bremner','1067eyuc','64314466528','3626701132@072.com',0),(287,'Clement McShea','3884skyx','60860156267','8894651247@156.com',0),(288,'Bendix Tomankowski','1944fzvh','90368947233','4773937482@801.com',0),(289,'Vicky Feldhuhn','2341uhmo','51202642906','3692297257@530.com',1),(290,'Lorianne MacSkeaghan','4415dpxn','44481253468','0351062100@332.com',0),(291,'Isidor Pilbeam','7591mwnu','93608408727','2830059140@272.com',0),(292,'Perceval Etches','1015yxpr','70610516606','2965741292@226.com',1),(293,'Gisela Bleddon','9716bpbi','01728346307','1722090943@645.com',0),(294,'Hersch Cashman','5289kllt','89078553019','8614307313@023.com',0),(295,'Turner Alldritt','9203pjfe','98484757260','2535137445@254.com',1),(296,'Goran Downer','6706rbkl','30143715282','1936787825@289.com',0),(297,'Ginni Brattell','7107harx','70443310557','5699015631@472.com',1),(298,'Malissa Cerro','5607qmtw','13935189496','0412697837@635.com',0),(299,'Tonnie Louisot','8224nuks','80912547054','7343243470@312.com',1),(300,'Clair Axelbey','4933zond','76271108187','6605257161@339.com',0),(301,'Grissel Grierson','8212aqse','24870569530','0223612000@370.com',1),(302,'Angie Leather','8611kgey','53876372972','1838099969@290.com',1),(303,'Giff Figge','5449lmqs','31087609639','5441509289@420.com',0),(304,'Bev Bandey','7949mxbk','51992580304','9984841026@384.com',1),(305,'Margot Dillimore','4608mnmc','20888319815','4678782918@922.com',0),(306,'Binky Messitt','2170ejxv','88494166960','1222717089@220.com',0),(307,'Cori Fox','1734cety','06117753755','2849141876@152.com',1),(308,'Evaleen Hrynczyk','2425ldrz','93277550561','9843662332@260.com',0),(309,'Glenden Behrend','8649dgfu','68117942127','8507197456@512.com',1),(310,'Laraine Juris','9167akzi','32002754608','3035358935@801.com',0),(311,'Felicity Rattrie','5038jpnd','67577847478','9033442968@294.com',0),(312,'Janek Vowells','6024wpxz','53574476529','2144251769@126.com',0),(313,'Mehetabel Caldairou','2894digz','59451002360','6622837105@693.com',1),(314,'Rolland Brasier','3922tpwy','03188040508','4581184218@320.com',0),(315,'Carol Earl','0940gthl','08993273774','8102874556@457.com',0),(316,'Jesse Vardy','1386bjeg','36655217194','8323261770@698.com',0),(317,'Haze Nowick','7705oxlc','76458387316','6346293637@054.com',0),(318,'Mame Reisk','4501zyhb','15479739698','6328023191@209.com',0),(319,'Chickie Haste','1780diiv','29422009853','1591638020@710.com',1),(320,'Jayne Eades','6391nqyr','94858561583','3816773831@874.com',0),(321,'Harmonie Kleinerman','3637zyhh','32875691663','0447109984@644.com',0),(322,'Susana Marritt','4144rqxz','89050786201','3649763107@286.com',1),(323,'Vivyanne Treven','3705rcvd','64287224705','5403481019@676.com',0),(324,'Bamby Bancroft','3266smes','51799360946','8661541147@599.com',1),(325,'Cristian Yanukhin','8011rjln','47998523100','9098638387@166.com',1),(326,'Dicky Dade','5793nggg','69188063879','7287092569@244.com',0),(327,'Mal Casari','3330aixo','05674963680','6835685240@886.com',1),(328,'Bearnard Dunkirk','1450nntv','09165926749','8462025237@868.com',0),(329,'Nancie Allone','3649tjar','60991768880','6288007331@424.com',0),(330,'Zach Jorgesen','8134wzze','47171215709','7408135329@549.com',0),(331,'Jennilee Sefton','7234uqug','14778427183','9073846741@001.com',0),(332,'Norene Gurden','8584teur','88480827981','0223842591@970.com',0),(333,'Jenifer Van T\'Hoog','5774bjrj','17013923308','8227072893@277.com',1),(334,'Romain Key','0510njnl','02161486527','7851593057@393.com',1),(335,'Kessia Osgar','2009guux','33946554587','0669152771@073.com',1),(336,'Glenine Caldron','2916cbry','52465564016','1290190136@605.com',1),(337,'Blanche Hansman','4081cglv','75471460778','7678597306@083.com',1),(338,'Claretta Jopp','6342cyru','91243677798','7659462655@491.com',1),(339,'Phillip Lembcke','4630rlvh','10213142886','4143834283@810.com',0),(340,'Les Martschik','6369fehf','08066737446','5207595425@916.com',1),(341,'Cori Steely','5530jmlx','33836589175','7895501666@527.com',0),(342,'Teresina Adriaan','0887irfa','11836300209','8103268399@685.com',0),(343,'Patrick Eivers','4109dwvl','42206025263','6935598298@884.com',0),(344,'Noah Adamovsky','2051lsgl','96149126180','2146790329@571.com',0),(345,'Mercy Reicharz','2645qhmw','68480519993','5283578734@616.com',0),(346,'Thorstein Orgill','6374nncw','26756267782','4158685857@137.com',0),(347,'Trixie Larrie','5108olct','27900407365','5774512588@132.com',0),(348,'Shanan Shewery','4322mqsx','45553761146','3455008292@777.com',0),(349,'Fara Harvey','1536muyz','24404695821','2856834856@524.com',0),(350,'Mickie Heiner','7475aksx','23249897218','1863540010@210.com',0),(351,'Shirline Brickett','3786ambj','07681064363','6979144486@594.com',1),(352,'Raddy Lourens','9429uyhs','21265701537','3715356532@030.com',1),(353,'Chelsey Lezemore','8294ezzs','65260664332','2254218270@444.com',1),(354,'Elnar Avard','5602rxla','21561625280','0049756155@639.com',0),(355,'Iago Rosenschein','0983fvcj','80314530401','7478131730@188.com',1),(356,'Nikolas Varsey','5971wxlr','01903791338','7040609659@390.com',0),(357,'Bendix Teresia','3427kggr','62101324630','8473245099@279.com',0),(358,'Loella Davidove','5524ucwt','43061268696','6919914407@967.com',0),(359,'Leroi Sisnett','1921aghg','81438420041','9506484096@812.com',1),(360,'Allister Grimstead','7630psdp','44950627319','1686017490@562.com',0),(361,'Tamma Locke','8010yswp','92632252341','3185805790@888.com',1),(362,'Caitlin Hatt','1424wfxg','60899997720','2909345404@289.com',0),(363,'Maximilian Fee','3815jdvw','12285492249','1210888281@008.com',1),(364,'Hatti Langland','3835qwdj','21476403690','1309957642@860.com',1),(365,'Cass Petrescu','4935vwun','07744296505','5212158049@964.com',0),(366,'Justen Rein','8981jlen','68295295080','8740593075@113.com',0),(367,'Lezlie Smee','1201dhcs','94065696420','1323677529@584.com',0),(368,'Rita Billingsley','5942jnir','81726856611','1121302152@023.com',0),(369,'Arel Wieprecht','7109nbun','40100023086','1315572523@233.com',1),(370,'Garv Dawes','3486qlsj','70179495276','1846036610@725.com',1),(371,'Gabriela Garrow','1228jeuc','05077988334','2973051130@182.com',1),(372,'Wallace Crannach','6522imwi','94812817137','4417111787@510.com',0),(373,'Lyn Goatcher','8839bczq','27666678983','1047743768@202.com',0),(374,'Renelle Girton','5972krnp','50343264791','5532557156@899.com',0),(375,'Kelby Towsey','0747bebe','88712675668','7941932772@261.com',0),(376,'Mil Son','6801jkeq','92835040017','6993692892@420.com',0),(377,'Harman Deverill','0949vcjo','18608465740','6737316839@140.com',1),(378,'Beale Cram','1301rzqx','45291202262','4552344897@266.com',0),(379,'Hali Bedward','8834ywcc','40131431592','2520482594@209.com',1),(380,'Teresita Andrioletti','8350qgfh','32423260842','9096930260@294.com',1),(381,'Keslie Crackett','4058nigt','40789115781','8639278303@632.com',1),(382,'Felix Torrent','7689qyqi','39788440405','5931020304@771.com',0),(383,'Jemmie Haythorn','2710wnha','85637786046','5047912193@338.com',1),(384,'Nike Cadalleder','2060akga','70010560199','2173016591@905.com',0),(385,'Rubin Habberjam','9127giqn','58075850091','6730411534@802.com',0),(386,'Charlton Marner','9870vkic','44447550429','5006591333@701.com',1),(387,'Diann Rotherham','9243dhez','93020746163','7809948193@767.com',0),(388,'Caprice Machel','1471tujl','62605677026','6457601975@802.com',0),(389,'Ruthanne Arndt','4067ukfw','03120443330','5277878616@841.com',1),(390,'Emlyn Bunyard','9682lxvw','02307488138','4242623799@235.com',1),(391,'Dalton Ingyon','0942pbww','38778115308','3122116233@575.com',0),(392,'Veronique Silcox','3210qtwi','88413099345','4260908439@651.com',1),(393,'Shay Quested','3581ckek','50979107312','8146595042@760.com',1),(394,'Kathleen Brisco','0347tcdu','63043977097','6632574245@730.com',1),(395,'Rossie O\' Reagan','4862wgiw','41170032462','4620470947@112.com',1),(396,'Elisabeth Pulford','7302pjrg','67886142619','4617904195@160.com',1),(397,'Godwin Dimitresco','6571bmlo','69701416536','3656158888@921.com',0),(398,'Abba Duguid','3021bint','08376241890','5150672432@340.com',1),(399,'Jonathan Houchin','3673vryr','46705464600','6170166836@389.com',0),(400,'Jazmin Genese','4400dcaw','64737456144','1202569388@129.com',0),(401,'Fanya Klaaasen','1150vogg','46320145130','0566636933@949.com',0),(402,'Avery Woolfoot','2365khtk','28534787499','6492714997@242.com',0),(403,'Kessia Lethardy','9117jghx','88478868912','8404353225@310.com',0),(404,'Rora Tatteshall','3049iish','88672743185','1119329003@833.com',0),(405,'Lani Dorsett','5777fpqv','18210751673','5044099819@576.com',1),(406,'Desmund Dukelow','1947jtft','50555692234','0964645065@730.com',0),(407,'Eada Samworth','0248nitj','04052238595','8375887005@019.com',1),(408,'Alvira Lowden','5906olke','95487483636','7628999052@766.com',0),(409,'Ilene Cristofolo','0704uaxs','48876311984','4109585228@778.com',0),(410,'Kai Ambrosini','7540isdw','33030454922','4353489506@525.com',1),(411,'Moss Whitnall','6895ikof','90479784901','1073005934@671.com',1),(412,'Sonia Shemmin','0491tpnz','25871518046','3753280658@049.com',1),(413,'Rudie L\'Hommeau','6125rqek','30170244633','0668568631@603.com',1),(414,'Cristen Carde','7472cdyf','78980347517','0952108475@951.com',1),(415,'Clive Berrill','1102cplv','52229702645','2578995080@410.com',1),(416,'Kiley Sier','5681pqcb','57285836817','6973178398@142.com',1),(417,'Coleen Shortall','4938irxr','51138676906','7549729968@870.com',1),(418,'Terra Hounihan','7242ajei','53820507641','1697753229@856.com',0),(419,'Lezlie Chattington','7628iiba','29001213773','7634742407@143.com',0),(420,'Lion Vannacci','6032ogwl','49093761030','9712066615@000.com',1),(421,'Mart Beetham','8542wlbh','07189397465','0973538268@236.com',0),(422,'Ailyn Punt','2190txjv','32465156808','1954751152@979.com',1),(423,'Hali Knibbs','1397ckps','69868668568','0537456641@324.com',0),(424,'Hakeem Jurkowski','9555ojqi','15608482650','5634983979@325.com',1),(425,'Manda Fawdrie','5781ukrf','86050370327','9422382630@670.com',1),(426,'Dorolisa M\'Chirrie','8470xicb','90290774925','1480195043@361.com',0),(427,'Abe Lawrance','7265hdap','74097180724','6647054019@966.com',1),(428,'Clarence McKenny','7883dydq','98080421480','7467806099@792.com',0),(429,'Buddy Vickars','5700svti','32177506993','5262532098@654.com',0),(430,'Salem Tamburi','5528fgqy','60697285793','1627410906@522.com',0),(431,'Tabitha Roglieri','5353nbhb','04612267921','4324003792@269.com',0),(432,'Cathrine Runge','8677upls','02170049812','2403093326@484.com',0),(433,'Katina D\'Emanuele','3714xnou','24189492697','7681178686@722.com',1),(434,'Albina Seldner','5203alqg','52132168600','1183635523@334.com',0),(435,'Ignaz Surmon','5307yoln','54959700496','0911491077@809.com',0),(436,'Feodora Dayley','7356ngcd','20174460587','1601947308@371.com',0),(437,'Norbert Shemming','3013tkub','32068015656','7171679242@185.com',1),(438,'Erinn Elwel','0097wzsq','34526930970','0468982781@226.com',0),(439,'Giffard Egger','5960iuih','36612088908','7870840198@259.com',0),(440,'Magdalena O\'Gorman','9886fmgb','32216783488','5193345308@177.com',0),(441,'Dru Jaime','3524lsdl','13849386891','8747189132@038.com',1),(442,'Portie Winton','2735asay','32499264480','3703151314@358.com',1),(443,'Jeanne Trustey','3401auxy','76467831750','4002693719@040.com',1),(444,'Kennie Pues','6513nbsg','43435026139','5147084666@652.com',1),(445,'Harland Eason','3121cyup','66262654900','9711682370@524.com',0),(446,'Mellisent Mallindine','1797blwn','33278124029','3483427039@486.com',0),(447,'Kathie de Grey','7420dznt','55734520315','7990439038@804.com',1),(448,'Aindrea Todman','9776asah','46896212269','4831454025@411.com',0),(449,'Wash Goodban','8241cxuo','76518057679','6959922705@932.com',1),(450,'Melisent Kuhne','0067kvbh','35022442124','9961622069@466.com',0),(451,'Thelma Mailey','7032cque','83244833516','7342747563@617.com',1),(452,'Serge Juckes','7851vsza','26906126674','6906960137@732.com',1),(453,'Corty Dominiak','6718hzds','01928856542','8795667145@558.com',1),(454,'Missy Byer','9033jwrl','24673004498','7412601121@122.com',1),(455,'Clareta Arden','5339ncxb','73037469074','3112806552@040.com',0),(456,'Corey Hulmes','9007ducx','03593714797','9656767294@390.com',1),(457,'Rhianon Duck','6860xthp','37843573301','6313255468@911.com',0),(458,'Frasquito Terzza','9911wquv','48043267373','5936955890@916.com',0),(459,'Ethan Eickhoff','0695hgrr','58096332514','0495452154@982.com',0),(460,'Craig De Filippis','4436dvgk','06855680124','6987611785@088.com',0),(461,'Konrad Sunley','0743jvpx','30567316512','5580527738@632.com',0),(462,'Clarey Longthorne','7187oplz','64282748775','6073354828@631.com',0),(463,'Eugene Sueter','2985ymml','78343934137','7768563511@784.com',0),(464,'Lucilia Earl','8030btgr','86030209317','2078355255@452.com',0),(465,'Mirabella Ramsby','5263pqay','11461129364','9887375837@659.com',0),(466,'Fransisco Soot','5445fede','81637994744','6662490696@309.com',1),(467,'Eileen Stede','4125xzbp','27543374503','9739685529@208.com',1),(468,'Ophelia Ortsmann','7487biob','93152187161','0519614364@531.com',0),(469,'Roselin Esche','1765vmnu','57540879813','3849831540@797.com',0),(470,'Shari Stansell','8789wttd','65370113585','0369336201@905.com',1),(471,'Luciano Kuzemka','1243zzxq','26975501994','1351033774@100.com',0),(472,'Christalle Gargett','6451okfs','64535430443','8687501929@838.com',1),(473,'Bobbie McDuffy','7346tquj','16044413135','6102504386@295.com',1),(474,'Demetre Alelsandrovich','5311sbpa','33308033097','3776058340@222.com',0),(475,'Mike Haddick','4544dqkm','29849010578','6135858888@864.com',1),(476,'Carver Pittendreigh','4664zeur','99215411298','9454070717@614.com',1),(477,'Misha Wimp','7309rayg','02949504499','3475694069@405.com',1),(478,'Griff Elwin','5522bspz','96301005258','4477437499@184.com',1),(479,'Porty Georghiou','0163ytgg','62194597449','4322160511@931.com',0),(480,'Yard Tweedie','2121ppih','97016127946','1082830717@309.com',0),(481,'Jerad Guerrero','4396gtlv','78438983585','0595441785@666.com',1),(482,'Ashlan McGinnis','0651hooq','91865022166','3815895967@870.com',1),(483,'Drucy Selburn','8769smkq','38265182286','6717759652@898.com',0),(484,'Garrott Lincoln','4624cbpd','90018266773','6562004178@563.com',0),(485,'Paige Conkie','6084lcrf','00557994488','8121721162@478.com',0),(486,'Vassili Idale','7408jliu','48561922351','0085788437@646.com',0),(487,'Cob Fishley','9796sejc','59817945959','5556506245@445.com',0),(488,'Normie Gallally','3726ogic','23636832265','1590589722@396.com',0),(489,'Consalve Sproule','6614qldd','26594744731','6022133616@201.com',0),(490,'Walton McLucky','9926hhik','58938106835','3616584436@813.com',1),(491,'Hermy Orrow','8048cuhk','23745445811','6304594055@451.com',1),(492,'Kristan Milbourne','9466itep','69898271613','7367861191@622.com',0),(493,'Korney Melding','2600yobm','41807385822','6643113132@060.com',0),(494,'Angy Sallinger','4127qmpk','73662190661','3726005663@767.com',1),(495,'Floyd Binyon','5603okht','17445388242','9072252711@122.com',1),(496,'Shawnee Ludlamme','6531uoli','00792588740','6769445188@188.com',0),(497,'Gibb Mc Corley','9261wwqi','53750679085','8026956466@725.com',0),(498,'Tamera Cripin','1953rmel','65009447794','7246663570@254.com',1),(499,'Doyle Willerton','4295ecnz','73303635136','3479882537@692.com',0),(500,'Andy Pickvance','9740vhkh','52614746306','0128751976@478.com',1),(501,'Fredra Braunthal','6992bxpv','63265597299','6721251776@770.com',1),(502,'Marci Wickliffe','6758lccd','49886350677','4473923277@496.com',0),(503,'Ozzy Lejeune','1160dhka','93391474203','2849258751@782.com',1),(504,'Basilius Achromov','3149yakn','91903571077','7047319717@156.com',0),(505,'Sybila Le Merchant','9491keqn','97924558336','8528310940@205.com',0),(506,'Rosy Torbett','4064qntx','99406392327','7039137644@880.com',1),(507,'Maurene Whitsun','3763yjda','36908520270','1392144037@565.com',1),(508,'Hamid Cockrill','2631hqrv','79657794405','6393453535@798.com',1),(509,'Giralda Buttery','2903zjbx','82644808117','5569986108@704.com',1),(510,'Garth Stedell','7085udwx','44288189240','7577602532@393.com',1),(511,'Anatole Renzo','0331ynbc','32908380358','8254870895@461.com',1),(512,'Kelly Reeve','4510fbhg','16005046239','9739559666@082.com',1),(513,'Melinda MacVay','3741koau','17965895798','1834249608@569.com',0),(514,'Jacquetta Henden','4516eqcz','22922910728','0138138216@904.com',1),(515,'Theresa Wasteney','7524hvut','37383101244','9023367844@865.com',1),(516,'Sergei MacPike','1628mzgq','12670456939','8527401808@479.com',1),(517,'Rosabelle Gemmill','2736sxid','25356788071','9054067110@247.com',0),(518,'Tait Pennetta','7717jcdo','84351134641','6766264141@764.com',1),(519,'Vina Brundall','3559ruis','08614983120','2737972240@205.com',1),(520,'Fitz Ledgley','3046hbqf','99288725574','4457185343@262.com',0),(521,'Morry Appleton','1335jiug','12956700978','2083168965@724.com',0),(522,'Ruth Pozer','8575abvb','73044027379','1835723324@843.com',0),(523,'Ludwig Caudelier','9387rmby','03353146910','2348280178@060.com',1),(524,'Vito Odby','6624yrls','48668652695','1384532069@661.com',0),(525,'Leanor Gavin','7004tbli','71550909254','8433483161@304.com',1),(526,'Scotti Skidmore','7152oawb','70500044357','2090975977@487.com',1),(527,'Wilhelmine Menghi','2851ymnt','97898624401','5081491281@151.com',0),(528,'Stevana Burriss','5875aths','54281900620','9247007545@069.com',1),(529,'Sergei Vernon','0644cyuv','30619865096','9403651809@235.com',1),(530,'Irvine Cuckson','6198wqiv','83749389084','1971440551@153.com',0),(531,'Martie McCullock','6448zewg','85999586839','9233378025@928.com',1),(532,'Maighdiln Cassel','5060kkuk','84951274702','5377173204@202.com',1),(533,'Riane McVee','5190rvpm','30517666508','0356673398@454.com',0),(534,'Craggy Hawkes','7943xlbo','07904969650','7203475460@763.com',1),(535,'Naomi Cuerdall','2918jgvj','64771123176','6999971207@630.com',0),(536,'Aviva Haddon','0559qzwv','19869735943','5544508912@045.com',0),(537,'Justino Silveston','5460wijl','52885155076','4155401161@611.com',1),(538,'Teodor Yegorkov','8268kffj','35576275238','9374707456@453.com',1),(539,'Ed Purse','4929qbyp','39264330572','9929519210@446.com',0),(540,'Denver Kohneke','0989sozy','10588527271','1089626523@719.com',0),(541,'Klement Lankford','9163vjur','43096455935','8302786625@698.com',1),(542,'Allx Arnaut','9521lakv','41981324033','3592836941@862.com',0),(543,'Tierney Huxton','9308iqgs','64511599905','5842704124@234.com',1),(544,'Englebert Wackly','6350jbys','52210269297','4120537957@355.com',0),(545,'Randall Jeffry','8512qqdt','10380881997','4724331653@213.com',0),(546,'Emelina Rookeby','9367gfuc','77147258815','2304557821@262.com',0),(547,'Chrissy Pestell','4668tlsv','46069270856','6273919939@961.com',1),(548,'Eberto Roskilly','8731mfti','77002371424','0664221609@445.com',0),(549,'Patricia Helis','0295uuwp','61803647059','3484099577@325.com',0),(550,'Jacobo Pittoli','7960fkuh','39594299921','2514522903@057.com',0),(551,'Avril Barras','7416gijr','80595679348','1855824798@660.com',0),(552,'Cammi Hazell','2526gxhz','42797011906','2194839852@912.com',1),(553,'Faith Durker','2706vlmb','50442391707','9350920954@844.com',0),(554,'Arnuad Pothecary','5976wbvb','68798817346','9499212713@686.com',1),(555,'Ripley Devennie','3997rcjt','88723516314','2545030868@759.com',1),(556,'Robinson Deane','2688hogq','13303665515','4305806951@808.com',1),(557,'Dasha Hadley','8966gfmz','94088947429','0342839717@298.com',1),(558,'Murry Showers','2978uerl','08032061266','7703816866@012.com',0),(559,'Tad Hove','1401wjcm','12760382597','8415074245@531.com',1),(560,'Charmaine Saurat','8667nebi','74939428064','1743991414@484.com',1),(561,'Kerrie Conquer','6593oflh','95985208851','2418912676@465.com',0),(562,'Gillan Spering','6689tdjb','31718254603','2263692839@741.com',1),(563,'Sergeant Rootham','2329gujj','13088825007','1529745746@949.com',0),(564,'Cooper Heijne','5651bbyj','68860771391','7819858148@418.com',0),(565,'Gallagher Klaggeman','8633ivrz','20907268890','1539926077@456.com',0),(566,'Griff Eshelby','0317udtl','69793143656','7831979150@550.com',1),(567,'Kayle Houlden','0518nznd','46437928019','2097752919@650.com',0),(568,'Eleonore Cattellion','9856qpco','72447029763','4913208341@101.com',1),(569,'Everard Lilleyman','8520kxsy','87014379801','7980421432@413.com',1),(570,'Caro Edgell','4876xkjt','43610998859','9532869077@606.com',1),(571,'Arther Krebs','8551ykge','02470603367','7466504537@204.com',0),(572,'Regen Landell','9810nxsa','18018607322','8001288460@360.com',1),(573,'Robinetta Bizley','5401pyhu','98278142852','6289191835@839.com',0),(574,'Normie Daulby','7470viqm','64528958622','9191004100@149.com',0),(575,'Farra Cufflin','7543dstd','73799025150','8489794364@288.com',0),(576,'Lorine Melville','8757iwas','16293254774','7942709794@283.com',0),(577,'Ulysses Shelton','9951hhvu','09098787048','8076105594@562.com',1),(578,'Zerk Gyorgy','7584bjdr','37678640057','7919232228@468.com',1),(579,'Renaud Millin','4086awqt','16123205833','9986225911@774.com',0),(580,'Adolphus Kenworthey','5835fbpr','10543851522','3954767953@553.com',1),(581,'Aubree Cowans','3475hlnj','81403722043','1957058940@719.com',1),(582,'Beverlie Kerner','9808ydvm','73337865299','7457903059@391.com',1),(583,'Hadlee Palleske','6345xkpm','85871456004','9040706794@265.com',1),(584,'Shannon Angrick','3356sbpb','99364713449','5455756305@617.com',0),(585,'Toiboid Richardson','6252hzym','07404600742','4212314876@279.com',0),(586,'Twila Paroni','8749tmmu','40729231719','4819901946@934.com',0),(587,'Prentice Gowar','7139alvd','59538853608','2120201137@398.com',0),(588,'Haily Sawday','9594hlgx','82235117183','4514007004@872.com',0),(589,'Marjorie Almond','1324yawi','01556907411','1690565024@981.com',1),(590,'Mannie Skiggs','1080siaj','44894851290','2754613955@597.com',1),(591,'Georgena Beaushaw','8874eszu','01302049533','1709520577@144.com',0),(592,'Langston Fish','1061femh','55573820918','8015571386@523.com',0),(593,'Andria Crop','9457nqiq','28939679471','9048020810@669.com',1),(594,'Chickie Stoggell','2160erxk','90210786668','3985708194@816.com',0),(595,'Matty Carlesi','8767ccbc','82446669711','3380903293@122.com',0),(596,'Leonidas Chedzoy','0282dwaa','53334629183','4609001985@595.com',1),(597,'Luelle Ager','5737fsml','94006775842','6703155873@215.com',1),(598,'Jacques Rennicks','4705lynr','71333189579','0572897105@386.com',1),(599,'Arthur Bayliss','9001flwf','41106941132','0844723661@680.com',1),(600,'Clark Matzel','1441rkat','17226820153','1043469095@306.com',0),(601,'Corbie Djuricic','4266gdkz','34640144814','9107889414@296.com',0),(602,'Darsie Daville','7133nbha','07345972564','3334145025@208.com',1),(603,'Vidovik L\'Archer','3895emux','67652067073','6838012383@928.com',0),(604,'Tades Minelli','7824vqjb','75225332633','5552075793@244.com',0),(605,'Prudence Pattinson','6578gumt','85000799340','0835374731@508.com',1),(606,'Clemens Marzello','4005tuew','77507997109','9922345399@697.com',0),(607,'Tris Livings','1169jbrl','43847234977','3709145258@065.com',1),(608,'Charlene Kleinplac','9633sigw','86856667404','5600847930@633.com',1),(609,'Carlie Bachmann','4142pkrk','62728142744','7349715436@183.com',1),(610,'Ly Dollard','8247euub','33333818269','0844800559@998.com',1),(611,'Romona Ruddlesden','9498mtzy','35918970887','8917169600@276.com',1),(612,'Noak Charrett','9057wqoz','75889935354','1004536819@128.com',1),(613,'Marius Phillips','0313ofob','73870345337','1999610970@221.com',0),(614,'Karleen Frankis','8154udtg','66386172087','6324040947@099.com',1),(615,'Aubrey Silver','5138mulm','67604206805','0899112885@229.com',1),(616,'Kimmy Layhe','0870zlzj','15329498927','9066821307@160.com',0),(617,'Kelbee Wigzell','9759yysa','74710778855','4572541289@771.com',1),(618,'Peyton Pensom','5560tbrr','67554347401','3440661304@636.com',0),(619,'Martguerita Duny','4117wzjq','97594381135','1795692201@867.com',1),(620,'Lucho Arthey','0486eiuj','42731952053','6627340355@762.com',1),(621,'Ahmed Gulleford','9362heci','84794628291','2670239416@801.com',1),(622,'Sven Bagnell','4981tsxe','59632286574','5054894539@354.com',0),(623,'Marinna Pavolini','6732vwey','68926095673','8741077255@362.com',1),(624,'Shandee Leverett','7624jtoi','51978176060','6700760743@747.com',0),(625,'Beckie Venturoli','2229gcvy','19621828612','3071056692@098.com',1),(626,'Ragnar Bloxsum','4289kpsi','32173962200','0213090830@563.com',1),(627,'Beniamino Rival','1423iarz','59580672575','3977968328@953.com',0),(628,'Jeff Kornilov','4060eaoh','51535012775','5423100654@461.com',1),(629,'Genia Hegge','6274nczh','12343394205','2453256329@052.com',1),(630,'Ferdinande Entwisle','7617ipfd','44180419763','3557328527@252.com',1),(631,'Cilka Mandifield','7052zcbn','74391730842','0926936736@807.com',0),(632,'Cacilia Davidsen','9680mnkg','28529305183','8074158643@654.com',1),(633,'Carola Sibbe','4660ugzs','46245939805','2646491743@431.com',1),(634,'Dante Riddich','9533axir','20337960051','7069195574@450.com',1),(635,'Burnard Botten','3154viuw','22174893077','6819967082@668.com',0),(636,'Benedict Tease','9971ytnu','99754629036','0745621603@214.com',0),(637,'Valentia Silverlock','9989qsrp','29118341212','2667612742@094.com',1),(638,'Hanna Irvin','9561rksw','86221541049','0935179973@792.com',0),(639,'Quintilla Skures','1100trzc','85681940558','9698146275@453.com',1),(640,'Samara Turrill','4140tssx','28381108511','2050402814@523.com',1),(641,'Wernher Linden','2910mpye','88878823498','8286202413@326.com',1),(642,'Corette Conford','8485lvki','84385023217','8292973566@717.com',0),(643,'Meridel Thamelt','9992sbuv','17837672555','5307252387@977.com',0),(644,'Fonz Kerswell','4715grhm','70476231223','5886350189@065.com',1),(645,'Bank Garett','1500nerx','10456081517','3042240860@732.com',1),(646,'Amalea Upjohn','8675pxhk','49352658108','6982064927@010.com',1),(647,'Nanci Riall','6583tjrr','27517942910','6474558144@795.com',1),(648,'Charo Parton','5890kjhs','13764178284','2644779504@959.com',0),(649,'Ginevra MacIlhargy','2987rwxg','38438505328','3230533652@496.com',1),(650,'Ashla Vanes','0375ixaq','67075382956','3593592240@582.com',0),(651,'Kattie Mustarde','4221ndce','17935165386','0114171581@549.com',1),(652,'Elbertina Joslin','8770giwb','85304541562','7208158130@033.com',0),(653,'Darsey Brockington','2375ckle','45633352174','3199055412@779.com',0),(654,'Mia Loxston','6857fvsl','96830503122','3708470359@712.com',1),(655,'Gamaliel Bowler','2137uhur','30934840773','3690452878@056.com',0),(656,'Phillipe Naish','9715ljjh','28538878518','7569006055@564.com',1),(657,'Carleton de Mendoza','0161orzx','70035731425','5633958235@291.com',0),(658,'Salem Montgomery','3886otcf','84755158246','6551693442@881.com',0),(659,'Nicola Melladew','7743kffg','05751684048','1269278498@072.com',0),(660,'Debby Cuerda','8088oufz','46226668941','2311854709@229.com',1),(661,'Baird Dulwitch','0433hfth','91066403527','4700133045@281.com',1),(662,'Silvester MacElroy','9113ohjq','41695073990','5113502054@660.com',0),(663,'Torin McAw','5871jhaj','39618107194','1737930089@865.com',0),(664,'Blayne McGooch','0527lihy','04667596546','4529598892@529.com',0),(665,'Leticia Andrez','5794zxpp','50532581126','9328283611@721.com',1),(666,'Avis Eberle','9193saem','81331451951','0103267671@191.com',0),(667,'Beltran O\' Byrne','9517wghv','83972009091','3043562211@462.com',1),(668,'Findlay Sterke','0681fsva','81433669641','4304132605@311.com',1),(669,'Leopold Whitton','3653emif','67750118325','3398999667@553.com',1),(670,'Querida Chesters','9532ufct','91570597397','2469118141@691.com',0),(671,'Mikkel Awcock','8005swto','08253645571','2564900695@138.com',1),(672,'Angelico Szymanowicz','3482inhz','58224935075','7757286418@234.com',0),(673,'Miquela Huckerby','3591vhct','79202186989','3006380899@278.com',0),(674,'Jard Cottee','3626sltx','71894286840','4994615243@112.com',0),(675,'Kelci Jehaes','2235wacn','96220200971','0680124086@685.com',1),(676,'Sidonia Bedell','9561ixob','98231670112','9161533772@096.com',1),(677,'Verla Faich','1356rmwd','34369461572','3572418834@512.com',0),(678,'Yolande Andor','1579qntx','73313951947','4770095440@236.com',0),(679,'Tomkin Cuttles','8420lhhi','33420583305','9465724346@931.com',0),(680,'Lannie Salterne','7730gkge','31348336662','4878562525@099.com',0),(681,'Aldus Lucius','2974yczq','25586897972','0019322340@271.com',1),(682,'Alix Pilcher','8476jgec','31119455401','6506460075@486.com',1),(683,'Jefferey Leckie','6808fypt','13960391718','1349952357@689.com',0),(684,'Christophorus Krzysztof','0430uwpb','75530523302','4249107159@378.com',0),(685,'Danny Abercromby','3574lqpb','49541853480','1191439059@545.com',0),(686,'Allegra Blunsom','2796adxg','02663068420','1426756703@751.com',1),(687,'Emlynne Probert','3293dhwo','86297932494','5992742198@753.com',1),(688,'Eduard Burder','6702lzye','38115785592','8920972501@713.com',1),(689,'Gretchen Egginton','8606lxsg','02998579338','5202844865@842.com',0),(690,'Sherwynd Jayme','6295aefy','49965759317','2427612928@249.com',0),(691,'Paule Jansen','5645amqz','24251916197','3083606476@442.com',0),(692,'Portia Coulthard','9109ihue','11550321505','1983401767@864.com',0),(693,'Gamaliel Sigge','8040biol','56441810584','4920732066@851.com',1),(694,'Jerrome Coveney','3822jvbb','25637978509','3476296787@637.com',1),(695,'Alic Moncreif','4047wrzb','47725066935','2405794244@269.com',0),(696,'Alfie Chapellow','8751pjok','28979812790','9676929510@657.com',0),(697,'Jobina Grogor','4866ltop','14874501063','2985669698@629.com',0),(698,'Sigmund Thams','3859oued','97831840319','3766013483@473.com',1),(699,'Philis Mullis','2416smgk','93273844581','9921617912@396.com',1),(700,'Annabela Adey','0516qdps','69184333450','3811813494@809.com',0),(701,'Reuben Matzke','2855mdzg','89828060792','0411661408@712.com',1),(702,'Rochella Inggall','7111boxg','39196079995','6788223978@077.com',1),(703,'Jillana Collcutt','3984xqtu','23312140528','4062233565@088.com',1),(704,'Bernie Eadon','8215clzv','10284636474','3238510020@787.com',1),(705,'Bryon Ewart','1447wuki','27378087807','9926753692@138.com',0),(706,'Verene Dury','2495nglt','54506177792','7492899884@293.com',1),(707,'Florenza Chetham','0654fcqg','93306108529','5277875604@605.com',0),(708,'Ettie Cadman','0270egph','24284949203','2537680284@517.com',1),(709,'Nathalie Gosalvez','1064fgpp','09230167520','4113828856@671.com',1),(710,'Chrotoem Klewer','0343mcls','41301897760','5474350807@436.com',0),(711,'Freeland Carrick','4435klgs','28569019269','5376054866@704.com',0),(712,'Jarrad Morgon','5112vbzc','13024357095','2516810982@425.com',1),(713,'Augusta Velasquez','8589mqsp','18804947088','6548596852@435.com',0),(714,'George O\'Hdirscoll','9281ttgv','25977582081','0633406125@886.com',0),(715,'Miner Castagnier','2525mhdw','32603401607','0279642828@573.com',1),(716,'Aili Schusterl','2776xpkg','68135789508','2357709063@110.com',0),(717,'Lucita Hobson','1015cbsg','43625395567','8342884174@587.com',0),(718,'Issi Ginnaly','3093ljub','63614345143','1532741542@384.com',0),(719,'Maybelle Iapico','0304ffnm','04560811042','7111087778@152.com',1),(720,'Darline McGriffin','6139ijjy','58827410574','3174280996@829.com',1),(721,'Ced Woodstock','6121ffez','26235614091','0006834849@604.com',1),(722,'Tim Benoi','7436tijf','04852993172','8695711128@364.com',0),(723,'Gaby Smitheman','8139licf','66292401111','2378855198@722.com',0),(724,'Tatiania Scothern','0625iayo','06252750716','1086968246@190.com',0),(725,'Liesa Harniman','5862fiid','86081563943','3616364304@517.com',1),(726,'Dorette McGeachie','1276rhpx','39087527800','1705245751@322.com',0),(727,'Rolph Elsay','8330huer','77672939952','0471331260@330.com',0),(728,'Marieann Gegg','3588otlj','83454473097','0770275894@722.com',0),(729,'Caron Benez','3022zmwo','61604580566','0286383896@583.com',1),(730,'Doe Stud','2741mgey','17976849472','4003188779@873.com',0),(731,'Sarina Bilby','3367yvcm','80541403746','4295453390@187.com',0),(732,'Pebrook Reedie','5752ptyt','99568195139','7635137138@954.com',1),(733,'Lucie Feedham','5002yhxf','86393405845','8921213992@190.com',0),(734,'Marc Boldecke','7712qhkp','18876030584','2858879250@600.com',1),(735,'Veradis Bossingham','2847mrfe','23975309807','5067420411@679.com',1),(736,'Terrye Milius','2496rhwi','05782531876','5045898429@882.com',1),(737,'Lyle McCromley','1796ujrd','71009896278','9774935941@929.com',0),(738,'Ilse Tuiller','1726uqyk','05790288351','3935442402@341.com',1),(739,'Carl Stanley','7477dfze','05235023466','1973251222@102.com',1),(740,'Ardenia Jagson','4090seja','23562592570','8184040632@145.com',0),(741,'Guendolen Syversen','8701hpqo','03703388404','9635309686@589.com',0),(742,'Eve Kleinbaum','9647ftvi','11172473154','5482354779@970.com',1),(743,'Tessa Fowden','0117pyax','40613562008','8805957309@549.com',0),(744,'Wilona Ellerton','4926hchb','34163684571','6420339551@597.com',1),(745,'Hardy Elton','0899wnsf','75946734780','0112765071@754.com',0),(746,'Theresa Tricker','3938yuom','00560721122','2146951332@883.com',1),(747,'Sada Riepel','8346bsph','79762311808','3608472124@666.com',1),(748,'Lydia Montier','9231dugk','70389337615','7390850349@607.com',0),(749,'Kaylil Schneidau','4323jwia','82365110500','0177760093@782.com',0),(750,'Killy Thacke','6238isbo','09476503560','1100221038@965.com',0),(751,'Tobe Rachuig','4875gfth','51238794033','5307198515@636.com',0),(752,'Alverta Hurlston','8523lcjo','05832383610','1316585016@042.com',1),(753,'Kenn Hast','7361ejaw','53342769477','7429696577@654.com',0),(754,'Clareta Maulin','6612skje','08012714775','6481852937@645.com',0),(755,'Paul Morford','0539sjsd','74991346115','9469636754@909.com',1),(756,'Durant Hayter','2155difp','68540470542','0308377914@690.com',0),(757,'Frayda Woodroff','7446vuia','57037494676','9941705265@510.com',0),(758,'Tarah Lawful','0314bgqt','14569242581','3151402786@851.com',0),(759,'Staci Quiddington','2467xziz','74017874059','7797514371@176.com',0),(760,'Susan Carbine','7811wnwd','53602546920','0873045940@298.com',1),(761,'Leroi Patria','2077mibd','74229011586','0817429414@878.com',0),(762,'Delora Pettifor','5763ezzb','38823653093','2604542198@068.com',0),(763,'Britta Ivanenkov','5833hwpq','85160505876','7593045922@402.com',0),(764,'Jordana Andersch','2295qsrv','93478201173','8988349102@230.com',1),(765,'Jonie Schwieso','9466xhoy','74266362481','2084083694@316.com',1),(766,'Butch Fallows','7567qybb','89038012612','5210017664@963.com',1),(767,'Valene O\'Dunneen','1038csmx','78369853870','3192009030@130.com',0),(768,'Margarethe Oager','5471inns','45962294886','2854705517@300.com',0),(769,'Agnes Motte','2665bope','65240019796','1056226249@363.com',1),(770,'Anatole Shillabeer','6094xprk','94340128972','1682769425@307.com',0),(771,'Blondy McRorie','5629zakp','76420087858','5734324538@482.com',0),(772,'Hailey Markovich','2806kndo','75328604597','5912093920@142.com',1),(773,'Dedie Blackie','3393svea','20681922269','3636473676@690.com',1),(774,'Kali Caveau','6371mezj','05770233522','0631133257@571.com',0),(775,'Thorin Spoerl','0475inls','96753160976','1318952595@967.com',1),(776,'Jerrome Weighell','1344igre','49927720309','0534282202@985.com',0),(777,'Dennis Fishly','5199xurz','18379956573','4190680775@329.com',1),(778,'Giacomo Surgeoner','5337ffam','20412770684','3856309733@078.com',0),(779,'Maitilde Offord','3109vanc','36693334374','8978385441@769.com',1),(780,'Joaquin Dominico','8825jhny','27603548463','6993849769@662.com',1),(781,'Rosabel Ennor','3831xxky','72236262208','1259180859@649.com',1),(782,'Boigie Comizzoli','0898hxrs','28781237894','0195290687@814.com',1),(783,'Findley Bargery','1755gzuj','34420982690','2365279812@639.com',1),(784,'Maximilianus Gieves','7807jijo','92199851200','4862321908@987.com',1),(785,'Vinson Mountford','8693ljfs','57832515429','4020233123@649.com',1),(786,'Clem Feander','1499hidt','74473178310','6962488726@096.com',0),(787,'Michell O\' Clovan','3068fdgh','67370637253','7314074692@054.com',0),(788,'Alexandrina Farleigh','9671ukcz','76678913386','6574777858@319.com',0),(789,'Max Kohlerman','2946wjam','28458773419','1600194360@017.com',1),(790,'Magdalena Dechelette','4927vnqk','17587111706','3014486180@156.com',1),(791,'Savina Tarney','0808rpnh','54135764357','3121622242@062.com',1),(792,'Cesare Gullan','3369zmme','30242507219','4528908728@393.com',1),(793,'Jorgan Adshede','9701urpz','74353612687','8854512753@610.com',0),(794,'Garry Pingstone','4015stof','01354877326','8964227930@954.com',1),(795,'Gregoire Carlsen','6010kzfg','60897731365','1747434748@652.com',1),(796,'Taddeo Proschke','4465tmkb','95890223249','3837711240@701.com',1),(797,'Dill Jerson','6612fjeq','74240999956','4569731133@890.com',1),(798,'Forrest Rooney','2869iwko','55470816300','7056190456@794.com',1),(799,'Marsiella Iuorio','2896fuls','52181420957','1632026862@327.com',0),(800,'Merry Omand','5048bejh','29382070490','2503043085@926.com',1),(801,'Correy Castagnone','7433ghcd','89121260607','5759001275@680.com',0),(802,'Ariadne Frisch','6710xmmn','11524419495','0618895890@551.com',0),(803,'Maxim McNickle','5837fkip','04261153220','2084040283@004.com',0),(804,'Florina Cockayme','0215saqh','06299293170','9578877315@132.com',0),(805,'Rebeca Portress','6115nrak','87012707284','3752342761@071.com',0),(806,'Johnette Povey','7147ieou','61973438461','6008262856@042.com',1),(807,'Chip Hallor','6684eeab','42299220364','2831021608@723.com',1),(808,'Jobye Gass','0871nnfe','01557457981','2339739793@516.com',1),(809,'Malchy Pinnigar','5032tpar','99061531035','6600074530@850.com',1),(810,'Dillon Lambkin','9309jwmq','52513942606','0715439978@824.com',1),(811,'Catherine Rishman','4274rwyo','75522657418','0722715182@537.com',1),(812,'Pamela Sheircliffe','1991ylhu','00468185417','6956910725@231.com',1),(813,'Devin Rosenfelt','2998ufwr','20723408134','7093145741@213.com',0),(814,'Carolyne Vader','9547yqcf','66176958663','0226557261@741.com',1),(815,'Heall Addess','4675edws','01512631821','3598495015@423.com',0),(816,'Crichton Musslewhite','5300dwme','78537076585','1035627613@008.com',0),(817,'Georgette Kennion','0527wqlp','43673804435','3427903979@580.com',0),(818,'Justina De Dei','6920qsbz','56839040530','7566679793@003.com',0),(819,'Ives Doumerc','1179npms','94298855954','2964288280@665.com',1),(820,'Sonnie Barkaway','2719rkon','64006855127','7097534211@981.com',1),(821,'Jerad Yanshin','3678wrbg','93074833917','9791113510@867.com',0),(822,'Basilius Colling','1265ceau','06852964552','4577392906@648.com',1),(823,'Thatch Srutton','7094mkbk','76219095564','2449474421@275.com',1),(824,'Erma Jesty','6721qvzl','65137442376','9783756801@102.com',1),(825,'Mina Southwick','4900sksz','46898269540','9425206006@783.com',0),(826,'Gaby Suero','2450jnkf','91527702649','0571754489@308.com',1),(827,'Kristoforo Teall','8471ihqe','62438126682','3820353269@577.com',0),(828,'Towny Dunrige','3531gldp','67755830997','0448781052@154.com',0),(829,'Carmita Gauch','8622rlry','99996552967','8512118143@986.com',0),(830,'Renard Milnthorpe','5783rygx','78857759380','4977552431@131.com',1),(831,'Durand Snead','1642zoju','62737938348','4594909048@130.com',1),(832,'Murry Lanchbery','9883zluu','58186223737','7404805945@210.com',0),(833,'Kitti Steart','4667bnsw','13932702010','8278215161@984.com',1),(834,'Willow Goskar','8070bizj','58732465439','8150009194@236.com',0),(835,'Linzy Dugmore','5551zhux','71785778748','4297516778@563.com',0),(836,'Waverley Ledson','7251lpmz','17237756211','9481607607@246.com',1),(837,'Antonietta Predohl','2511cazt','05634139788','0957731398@928.com',1),(838,'Gasparo Buckham','3583ijwa','08499937876','0243682230@221.com',1),(839,'Marcia Girardin','2604madq','20126486328','1515902799@881.com',1),(840,'Victoir Danielou','2049ezqg','15652580852','7661806714@050.com',1),(841,'Corabella Loakes','2031cxqh','46763732875','6153559264@028.com',0),(842,'Fanchette Glanert','7198hvhh','71531341521','6530608752@301.com',0),(843,'Cirilo Ragbourn','4059kddx','50487070881','3376289245@700.com',0),(844,'Brooks Willcot','3856ocgu','73018898165','2139740534@440.com',0),(845,'Milka Lettson','7654pdbr','60614598377','1660520691@845.com',0),(846,'Ernaline Clouston','1451ovia','88246323065','6621557396@336.com',0),(847,'Arleen Bonus','0980nkzg','86096014428','6710036168@944.com',0),(848,'Wini Phebey','3031vtyr','70583185964','4655884086@729.com',0),(849,'Gray Sacaze','1221zzun','68394252155','8904799805@620.com',0),(850,'Mitchel Scotson','9721avoc','30351813646','2152780130@827.com',1),(851,'Terrill Switzer','3253dyef','75063546696','1568953784@271.com',0),(852,'Clifford Ells','4580xxlf','33917562732','3725888487@815.com',1),(853,'Corey McGee','7237soyl','56169116060','4570099852@313.com',1),(854,'Rickie Jentet','1751weqs','50193034921','7638903957@268.com',1),(855,'Sid Gwillyam','5106knzj','91298227394','6581926507@746.com',0),(856,'Link Stuttman','9516nmqx','01632709576','5876051370@311.com',1),(857,'Agatha Farny','0359lfvz','87203765811','7150580347@993.com',1),(858,'Micheal Kerman','8172bwuk','92000368894','2168418212@322.com',0),(859,'Briggs Hadwen','8495alio','53092827345','7677554050@925.com',1),(860,'Gregoor Langham','8315gxsy','29747127957','8531826996@186.com',0),(861,'Edwin Gouldie','9160hozt','36224713320','6268742192@891.com',1),(862,'Franny Deniscke','9965xtvi','30581792912','8320568849@963.com',0),(863,'Birk Shurman','0360qkca','70132150400','9070166443@976.com',0),(864,'Minnie Mordon','5000dphi','67904354423','1342069719@323.com',0),(865,'Bobette Calafato','5724fsqw','75791551385','8087474294@764.com',1),(866,'Jacynth O\'Neal','3923gdxa','99314670546','5151796300@893.com',0),(867,'Lemar Glennon','2616lqpy','51081892919','5735358828@055.com',0),(868,'Nev Priddey','3194kbyt','45502052575','9891630562@366.com',0),(869,'Nessi Keyte','5648fhwf','19395061248','7099080340@810.com',0),(870,'Clemente Woof','7012voxo','91303370331','6878464508@522.com',1),(871,'Calla Whorall','4248ftcb','14145175202','3268046905@611.com',1),(872,'Nora Reinmar','3956qrhy','05572515243','6041529145@495.com',0),(873,'Cyrus Corrao','0715jvcd','56190398179','1480063936@943.com',0),(874,'Maxie Hedlestone','2472wchw','49387625954','2271937791@489.com',1),(875,'Merrick Izakov','9375gvul','87140693293','2845874113@152.com',0),(876,'Sheeree Boole','6879htfb','12694229942','7970191083@929.com',1),(877,'Jarrod Buy','8261uzie','69382321282','1656274032@726.com',1),(878,'Edwin Langstrath','6625xfix','63634158794','2357988149@116.com',1),(879,'Carlye Pollins','3138xnkg','45605687708','2769450923@412.com',0),(880,'Frederico Willson','1489qrik','05812976508','4332289854@762.com',0),(881,'Parrnell Kingman','1036lnen','90455291489','3381815172@366.com',0),(882,'Cody Meadus','1739qung','44995316858','7799551430@157.com',1),(883,'Ferdinanda Mulkerrins','0294olvu','09559603227','7792718020@705.com',0),(884,'Daron Rayer','2688vvpr','75527565737','8750431736@120.com',0),(885,'Town Twiggs','6841mgwr','72170380145','5569487468@398.com',0),(886,'Bartie Ilson','7906abul','72203452056','3125263851@560.com',1),(887,'Annadiana Atger','2194exqk','03093710857','0719355235@439.com',1),(888,'Lainey Boulsher','2026geai','51018302907','9766204750@291.com',1),(889,'Shellie Lghan','3194nkjf','10473753519','1768071625@900.com',1),(890,'Quinton Bollon','8756kdvx','99655407442','0004310314@618.com',0),(891,'Aurlie Messingham','7822hkzh','59478520429','6840597663@523.com',1),(892,'Tobias Bools','1870wghc','03311522483','6798937093@594.com',0),(893,'Laurette Graalman','9027vmgb','84420622471','8599189772@783.com',1),(894,'Freemon Longmire','0327unvs','84255330914','6072338407@259.com',0),(895,'Magdaia Rihosek','2313tnqv','36412380236','3117150756@582.com',0),(896,'Dominick Haggar','5786vrdn','55168462901','4819468513@324.com',1),(897,'Kiah Benedicte','4190xkqi','24291520644','4834549443@735.com',1),(898,'Kristien Songist','5872orbl','10796848571','2626280087@191.com',0),(899,'Leeland Blodg','8271guvj','12188660625','2372099174@891.com',1),(900,'Lind Bonnette','5801nbst','11103901334','8842015561@299.com',1),(901,'Adelina Trevorrow','7124kiqv','51522875310','5436032554@301.com',0),(902,'Adelheid Fosher','0377ywqr','51333436680','7454977174@371.com',0),(903,'Tracy Simison','3078vprg','08118359836','9858252953@366.com',0),(904,'Caroline Rooze','0173rzcn','24689411316','8361819680@078.com',1),(905,'Lacie Antonomoli','1459oqxy','24469570672','5340631247@544.com',0),(906,'Sula Gauvin','1632ucgb','17695942724','8125639767@510.com',1),(907,'Early Ciabatteri','2587kcmf','23001815456','4925994192@783.com',0),(908,'Baillie Gaisford','7033zbvh','76026171117','6269847674@764.com',1),(909,'Laverna Hughesdon','9638ttbn','91952106699','7978459923@300.com',0),(910,'Vina Ryam','6728exhm','45637364206','4786670166@774.com',1),(911,'Tera Riatt','8994lmcp','83753457427','0230931345@086.com',1),(912,'Van Gerrie','1511ntcw','83235962288','9053851996@088.com',1),(913,'Elsi Fippe','6889eogh','98741248398','6208584789@423.com',0),(914,'Rowen Abernethy','4681kukk','07607212852','7088765169@559.com',1),(915,'Thelma Cullinane','2248gren','51382871958','3490926380@630.com',1),(916,'Raimundo Davydochkin','1437qxpt','54997515743','7361526559@911.com',1),(917,'Trista Obispo','5175fxfi','71957259535','2480893677@701.com',0),(918,'Codi Godlee','3915kyyk','10099117165','2846379636@576.com',1),(919,'Trudi Skillanders','4051idif','49306468977','1165866607@788.com',1),(920,'Corabelle Tomaskov','3871byur','58361755875','3070476046@783.com',0),(921,'Matti Fernie','5263pjif','27944464496','6043402415@947.com',0),(922,'Nicolina Attarge','8810zilf','86180046696','8329101515@825.com',0),(923,'Ashlee Stansby','6752qrxy','54909870170','5298931880@900.com',0),(924,'Connie Paradin','3594lzzo','40154938737','6306365297@562.com',0),(925,'Alford Vines','7766hhph','38960400831','1338319311@620.com',0),(926,'Sherye Segoe','4296fxzc','05747368727','0389901909@518.com',0),(927,'Kit Hollows','8653suaj','98346346234','2327739561@338.com',0),(928,'Twila Brook','2873sikc','93959719041','5590257434@175.com',1),(929,'Shurwood Berrisford','2346joqp','70417700116','2841624462@230.com',1),(930,'Hallie Ashford','9821rayk','79284675011','5069933542@911.com',0),(931,'Mable Appleton','5789coze','66394845907','5384118113@194.com',0),(932,'Tiertza Rodliff','1414qpvl','61789134515','2787424020@521.com',1),(933,'Devi Barwis','1816qwxa','37972810806','0701753898@277.com',1),(934,'Dan Bourthoumieux','4192gmsr','11149698469','8071020908@094.com',0),(935,'Mufi Birch','1714rmch','28929884639','5612441685@852.com',1),(936,'Christin Goundrill','3862skqj','91606685157','5071072621@742.com',1),(937,'Tommie Hannis','1489wsrk','40829963330','9638793359@727.com',1),(938,'Mahala Cotherill','4305ukek','11856177802','3834150646@639.com',1),(939,'Tod Draxford','1075yxww','00644244167','8806961068@174.com',0),(940,'Filberto Dewire','2463jgto','59983286044','6179186674@461.com',1),(941,'Freddy Webster','2709qftr','65787228965','8867423184@651.com',1),(942,'Cora Haydn','0346ikft','17160628737','0464510564@119.com',1),(943,'Ethelred Lowndesbrough','9792ngsy','59734998022','0685793939@771.com',0),(944,'Shandra Tedstone','7547epoo','73171176171','5482996214@188.com',1),(945,'Addie Jacobbe','1274xhbb','86537658177','0621855791@500.com',1),(946,'Caldwell Capell','3996evpr','81819000683','0445637527@452.com',1),(947,'Archibold Scottesmoor','8283ptml','37318465658','5416640351@300.com',1),(948,'Kale Rangall','7980lnjw','58311768537','0726948438@868.com',1),(949,'Hersh St. Paul','8439kwkh','71653208003','7948349382@672.com',1),(950,'Cherlyn Biddulph','6826lvin','92853201079','4495532044@991.com',0),(951,'Joni Buffin','6753kbqd','90929843495','1618731133@966.com',1),(952,'Edee Mannix','7940imhv','90369949731','2383150609@401.com',1),(953,'Franky Crispin','3070wmmb','22978978684','5582912315@377.com',0),(954,'Corney Jamme','9165hpon','90441464514','1233506192@365.com',1),(955,'Holly-anne Brithman','1961xyxk','48429823672','9534317190@509.com',1),(956,'Valencia Mc Ilwrick','2474obcj','60773946839','7735378747@998.com',0),(957,'Natalya Siseland','8293hnup','59041082114','6876877982@097.com',0),(958,'Alwyn Overil','0104cktz','11784285898','4584241305@794.com',0),(959,'Bobby Vanner','5345xjyu','09789240021','4195301688@717.com',1),(960,'Troy Geer','1383bcns','19494144265','0518022919@664.com',0),(961,'Giacomo Albrighton','0251whbi','77797522120','8709940740@143.com',0),(962,'Niki Gillson','3770pyen','07273222281','1558638800@015.com',0),(963,'Morie Braddock','2298yyus','26748621434','4784308835@118.com',1),(964,'Roshelle Greson','3095bjsa','10477268265','6488563310@954.com',1),(965,'Zena Skyrm','1872gttz','66712867755','6603126080@499.com',1),(966,'Paulette Mabbutt','3370farp','91897389254','3102732314@826.com',1),(967,'Tildie Brassill','3068qnld','17920812516','9190305046@585.com',1),(968,'Regine Vlasenko','8508qzbn','10518948930','8934228046@063.com',1),(969,'Burton Goulborn','6189shyi','79175305085','6937001120@976.com',1),(970,'Jacynth Boncoeur','5049vshl','99116646528','3226529903@315.com',0),(971,'Flo Cluatt','5107lnkw','54609568651','8615352845@337.com',0),(972,'Lise Brine','1789vdtc','82763678520','6307774259@155.com',1),(973,'Haleigh Steptow','6528hkwc','93662862285','2010103696@305.com',1),(974,'Orson Goodred','1326zwlu','83738084597','2560625199@537.com',0),(975,'Mal Succamore','4488kfsq','92816872384','6947205912@410.com',1),(976,'Ethe Badwick','9738wvby','82089311370','2495008434@262.com',1),(977,'Tedra Rummings','2130lzth','10530547225','7298145987@980.com',0),(978,'Thaddeus Danell','5261umkm','98096719545','2584341187@444.com',1),(979,'Alisa Americi','5402zxbz','93850531651','4874165482@077.com',1),(980,'Lyssa Malbon','6853fuzx','32272342719','2602369229@753.com',1),(981,'Brinn Cellier','6618mkgh','61589715749','4757621380@429.com',1),(982,'Solomon Minguet','8738hxqn','95615269970','5287402350@905.com',1),(983,'Talia McCrachen','5334gixr','62529306560','8978946923@109.com',1),(984,'Rudolfo Mulhall','8465koee','30178560679','3704600726@330.com',1),(985,'Danyelle Chitter','2404eojo','48816185716','9661113318@264.com',0),(986,'Bibby Senussi','9508yezh','65080660157','3663369133@403.com',1),(987,'Spenser Emanuelov','2258iekk','89723081818','6294369736@437.com',1),(988,'Cordey Lammenga','5298qsvb','62987702918','1163852833@531.com',0),(989,'Burl Hendrik','8445bbgz','91084361804','3737165029@440.com',1),(990,'Marten Ruprecht','0054cscw','55539766662','1188702965@387.com',1),(991,'Anjanette Ewbanck','5390nxfl','93024165715','9213402717@603.com',0),(992,'Wash De Michetti','8379lstm','18813852395','6931563121@935.com',0),(993,'Godiva Ovendon','0994rhdn','69809514242','7088669216@517.com',1),(994,'Felic Naptin','6732kcmo','21752162983','9496769863@627.com',1),(995,'Carena Jeckells','3413kind','20868288646','8871160796@329.com',1),(996,'Monty Klosa','7087kgyp','68162387995','4626482872@110.com',0),(997,'Hazel Imrie','3931dghs','66137709318','9690424496@027.com',0),(998,'Giusto Paslow','9240rloo','11051472055','2700683491@939.com',0),(999,'Ardyth Ilymanov','6688vnyb','53197287554','6126676841@770.com',0),(1000,'Taffy Wase','8983sjkp','53893289864','4891923917@306.com',0);
/*!40000 ALTER TABLE `user` ENABLE KEYS */;
UNLOCK TABLES;
/*!40103 SET TIME_ZONE=@OLD_TIME_ZONE */;

/*!40101 SET SQL_MODE=@OLD_SQL_MODE */;
/*!40014 SET FOREIGN_KEY_CHECKS=@OLD_FOREIGN_KEY_CHECKS */;
/*!40014 SET UNIQUE_CHECKS=@OLD_UNIQUE_CHECKS */;
/*!40101 SET CHARACTER_SET_CLIENT=@OLD_CHARACTER_SET_CLIENT */;
/*!40101 SET CHARACTER_SET_RESULTS=@OLD_CHARACTER_SET_RESULTS */;
/*!40101 SET COLLATION_CONNECTION=@OLD_COLLATION_CONNECTION */;
/*!40111 SET SQL_NOTES=@OLD_SQL_NOTES */;

-- Dump completed on 2020-07-15  2:48:31
